"","simu","n","p","omega_structure","distribution","zi_type","zi_config","method","criterion","B_rmse","omega_rmse","omega_rmse_diag","omega_rmse_offdiag","omega_rmse_empty","omega_rmse_empty_offdiag","omega_rmse_debiased","pcor_rmse","pcor_rmse_offdiag","pcor_rmse_empty","pcor_rmse_empty_offdiag","sigma_rmse","sigma_rmse_offdiag","sigma_rmse_empty","sigma_rmse_empty_offdiag","cor_rmse","cor_rmse_offdiag","cor_rmse_empty","cor_rmse_empty_offdiag","AUC","AUC.alt","Sigma_AUC","fit_rmse","fallout","recall","precision","f1_score","time"
"1","1","50","25","erdos_renyi","ZIP","species","species_1","PLN","StARS_0.8","2.0049","0.1213","0.4623","0.0801","0.0834","0.0851","0.1094","0.0801","0.0817","0.0891","0.0909","0.373","0.2048","0.2224","0.227","0.1115","0.1138","0.1207","0.1232","0.694486","0.730814","0.5806825","0.685272464901208","0.032","0.304","0.438","0.359","6.14407992362976"
"2","1","50","25","erdos_renyi","ZIP","species","species_1","PLN","StARS_0.9","2.0049","0.1233","0.4664","0.0823","0.0834","0.0851","0.1128","0.0836","0.0853","0.0891","0.0909","0.3778","0.2137","0.2224","0.227","0.1157","0.1181","0.1207","0.1232","0.694486","0.730814","0.5806825","0.685448979366516","0.007","0.217","0.714","0.333","6.14407992362976"
"3","1","50","25","erdos_renyi","ZIP","species","species_1","PLN","BIC","2.005","0.1244","0.4685","0.0834","0.0834","0.0851","0.1189","0.0855","0.0872","0.0891","0.0909","0.38","0.2178","0.2224","0.227","0.1175","0.12","0.1207","0.1232","0.694486","0.730814","0.5806825","0.694703238114682","0","0.087","1","0.16","0.423814058303833"
"4","1","50","25","erdos_renyi","ZIP","species","species_1","ZIPLN","StARS_0.8","2.0397","0.1038","0.363","0.0757","0.0834","0.0851","0.0966","0.075","0.0765","0.0891","0.0909","0.2044","0.1768","0.2224","0.227","0.1004","0.1025","0.1207","0.1232","0.771135","0.8166435","0.608296","0.749646703064028","0.101","0.435","0.263","0.328","9.96235179901123"
"5","1","50","25","erdos_renyi","ZIP","species","species_1","ZIPLN","StARS_0.9","2.0392","0.1095","0.3788","0.0807","0.0834","0.0851","0.0966","0.0807","0.0823","0.0891","0.0909","0.225","0.2035","0.2224","0.227","0.1126","0.1149","0.1207","0.1232","0.771135","0.8166435","0.608296","0.769994471782727","0.007","0.261","0.75","0.387","9.96235179901123"
"6","1","50","25","erdos_renyi","ZIP","species","species_1","ZIPLN","BIC","2.039","0.1114","0.3795","0.0833","0.0834","0.0851","0.105","0.0854","0.0872","0.0891","0.0909","0.2365","0.2177","0.2224","0.227","0.1175","0.1199","0.1207","0.1232","0.771135","0.8166435","0.608296","0.780086889643782","0","0.087","1","0.16","0.80665397644043"
"7","1","50","25","erdos_renyi","ZIP","species","species_1","hmsc",NA,"2.0638","1.111","5.0761","0.4607","0.0834","0.0851",NA,"0.0861","0.0879","0.0891","0.0909","0.3867","0.372","0.2224","0.227","0.36","0.3674","0.1207","0.1232","0.600398",NA,"0.7903","208.1926","0.513","0.696","0.101","0.177","126.790451049805"
"8","1","50","25","erdos_renyi","ZIP","species","species_1","gllvm",NA,"1.2328","0.1372","0.5446","0.0851","0.0834","0.0851",NA,"0.0891","0.0909","0.0891","0.0909","0.3655","0.2886","0.2224","0.227","0.6694","0.6832","0.1207","0.1232","0.5628665",NA,"0.661469","219.4651","0","0",NA,"0","2.1251859664917"
"9","2","50","25","erdos_renyi","ZIP","species","species_1","PLN","StARS_0.8","2.1736","0.1005","0.4298","0.0532","0.0551","0.0563","0.0925","0.0611","0.0623","0.0643","0.0656","0.3676","0.1438","0.1428","0.1457","0.0776","0.0792","0.0849","0.0866","0.659033","0.644386","0.5355065","0.665342468605418","0.063","0.25","0.182","0.211","5.03070092201233"
"10","2","50","25","erdos_renyi","ZIP","species","species_1","PLN","StARS_0.9","2.1736","0.1018","0.4354","0.0539","0.0551","0.0563","0.0934","0.0593","0.0606","0.0643","0.0656","0.3619","0.128","0.1428","0.1457","0.0771","0.0787","0.0849","0.0866","0.659033","0.644386","0.5355065","0.66541009874706","0.035","0.25","0.286","0.267","5.03070092201233"
"11","2","50","25","erdos_renyi","ZIP","species","species_1","PLN","BIC","2.1736","0.1033","0.4399","0.0552","0.0551","0.0563","0.0986","0.0607","0.0619","0.0643","0.0656","0.3627","0.1305","0.1428","0.1457","0.0809","0.0826","0.0849","0.0866","0.659033","0.644386","0.5355065","0.668019986009415","0","0.125","1","0.222","0.196877002716064"
"12","2","50","25","erdos_renyi","ZIP","species","species_1","ZIPLN","StARS_0.8","2.2206","0.0752","0.2939","0.0479","0.0551","0.0563","0.0723","0.0544","0.0555","0.0643","0.0656","0.1857","0.136","0.1428","0.1457","0.0736","0.0751","0.0849","0.0866","0.8160515","0.75865","0.579858","0.799447176222894","0.049","0.5","0.364","0.421","6.6500608921051"
"13","2","50","25","erdos_renyi","ZIP","species","species_1","ZIPLN","StARS_0.9","2.2255","0.0785","0.3014","0.0514","0.0551","0.0563","0.0713","0.0572","0.0583","0.0643","0.0656","0.1804","0.1315","0.1428","0.1457","0.0765","0.078","0.0849","0.0866","0.8160515","0.75865","0.579858","0.807495399122635","0.025","0.25","0.364","0.296","6.6500608921051"
"14","2","50","25","erdos_renyi","ZIP","species","species_1","ZIPLN","BIC","2.2259","0.0801","0.3057","0.0528","0.0551","0.0563","0.0728","0.0583","0.0595","0.0643","0.0656","0.179","0.1303","0.1428","0.1457","0.0779","0.0795","0.0849","0.0866","0.8160515","0.75865","0.579858","0.809115237058309","0.011","0.188","0.5","0.273","0.683202028274536"
"15","2","50","25","erdos_renyi","ZIP","species","species_1","hmsc",NA,"2.2574","0.0655","0.1845","0.0552","0.0551","0.0563",NA,"0.0632","0.0645","0.0643","0.0656","0.3065","0.2982","0.1428","0.1457","0.288","0.2939","0.0849","0.0866","0.560462",NA,"0.6389","195.3884","0.07","0.25","0.167","0.2","127.286255121231"
"16","2","50","25","erdos_renyi","ZIP","species","species_1","gllvm",NA,"1.3847","0.1175","0.519","0.0563","0.0551","0.0563",NA,"0.0643","0.0656","0.0643","0.0656","0.3524","0.2767","0.1428","0.1457","0.6657","0.6794","0.0849","0.0866","0.644146",NA,"0.6049175","223.4999","0","0",NA,"0","2.7579870223999"
"17","3","50","25","erdos_renyi","ZIP","species","species_1","PLN","StARS_0.8","2.07","0.1521","0.3496","0.1379","0.0657","0.067","0.1879","0.1574","0.1607","0.0843","0.0861","0.5831","0.4586","0.2009","0.205","0.1641","0.1675","0.0979","0.1","0.55834","0.53145","0.4608735","0.748354739366697","0.94","0.944","0.06","0.113","5.16176605224609"
"18","3","50","25","erdos_renyi","ZIP","species","species_1","PLN","StARS_0.9","2.0653","0.1039","0.4028","0.0671","0.0657","0.067","0.1029","0.0844","0.0861","0.0843","0.0861","0.4128","0.2053","0.2009","0.205","0.098","0.1","0.0979","0.1","0.55834","0.53145","0.4608735","0.638029316113907","0.014","0","0","0","5.16176605224609"
"19","3","50","25","erdos_renyi","ZIP","species","species_1","PLN","BIC","2.0653","0.104","0.4028","0.067","0.0657","0.067","0.104","0.0843","0.0861","0.0843","0.0861","0.4126","0.205","0.2009","0.205","0.0979","0.1","0.0979","0.1","0.55834","0.53145","0.4608735","0.637532737343668","0","0",NA,"0","0.255395174026489"
"20","3","50","25","erdos_renyi","ZIP","species","species_1","ZIPLN","StARS_0.8","2.1811","0.0831","0.2792","0.0628","0.0657","0.067","0.0838","0.0768","0.0784","0.0843","0.0861","0.211","0.1813","0.2009","0.205","0.0896","0.0915","0.0979","0.1","0.662974","0.6578645","0.5737325","0.718165645920955","0.057","0.278","0.238","0.256","8.46909403800964"
"21","3","50","25","erdos_renyi","ZIP","species","species_1","ZIPLN","StARS_0.9","2.1811","0.0851","0.2815","0.0652","0.0657","0.067","0.0864","0.0801","0.0817","0.0843","0.0861","0.2179","0.1908","0.2009","0.205","0.0939","0.0958","0.0979","0.1","0.662974","0.6578645","0.5737325","0.730954076453051","0.028","0.111","0.2","0.143","8.46909403800964"
"22","3","50","25","erdos_renyi","ZIP","species","species_1","ZIPLN","BIC","2.1811","0.086","0.2826","0.0661","0.0657","0.067","0.0831","0.0817","0.0834","0.0843","0.0861","0.222","0.1957","0.2009","0.205","0.0955","0.0975","0.0979","0.1","0.662974","0.6578645","0.5737325","0.733441366850687","0","0.056","1","0.105","0.692955017089844"
"23","3","50","25","erdos_renyi","ZIP","species","species_1","hmsc",NA,"2.1688","0.731","3.2658","0.335","0.0657","0.067",NA,"0.0787","0.0803","0.0843","0.0861","0.3969","0.3716","0.2009","0.205","0.3468","0.354","0.0979","0.1","0.5154605",NA,"0.5422","220.4916","0.482","0.5","0.062","0.11","125.027997970581"
"24","3","50","25","erdos_renyi","ZIP","species","species_1","gllvm",NA,"1.4921","0.0868","0.2834","0.067","0.0657","0.067",NA,"0.0843","0.0861","0.0843","0.0861","0.4289","0.3466","0.2009","0.205","0.6906","0.7048","0.0979","0.1","0.545729",NA,"0.434854","235.3299","0","0",NA,"0","3.37193703651428"
"25","4","50","25","erdos_renyi","ZIP","species","species_1","PLN","StARS_0.8","2.3236","0.1037","0.41","0.0647","0.0664","0.0678","0.0941","0.0695","0.0709","0.0743","0.0758","0.2472","0.1579","0.1823","0.186","0.0885","0.0903","0.0989","0.1009","0.6569555","0.6450195","0.5219075","0.709365049418354","0.06","0.375","0.261","0.308","6.93464088439941"
"26","4","50","25","erdos_renyi","ZIP","species","species_1","PLN","StARS_0.9","2.3236","0.1052","0.414","0.0662","0.0664","0.0678","0.0981","0.0717","0.0732","0.0743","0.0758","0.2559","0.1718","0.1823","0.186","0.0938","0.0957","0.0989","0.1009","0.6569555","0.6450195","0.5219075","0.708816943807518","0.018","0.188","0.375","0.25","6.93464088439941"
"27","4","50","25","erdos_renyi","ZIP","species","species_1","PLN","BIC","2.3236","0.1058","0.416","0.0667","0.0664","0.0678","0.103","0.0722","0.0737","0.0743","0.0758","0.2599","0.1779","0.1823","0.186","0.096","0.098","0.0989","0.1009","0.6569555","0.6450195","0.5219075","0.708019943955626","0","0.062","1","0.118","0.292262077331543"
"28","4","50","25","erdos_renyi","ZIP","species","species_1","ZIPLN","StARS_0.8","2.369","0.0901","0.3405","0.0602","0.0664","0.0678","0.0859","0.0621","0.0633","0.0743","0.0758","0.1689","0.1384","0.1823","0.186","0.0782","0.0798","0.0989","0.1009","0.7224505","0.7184135","0.5229325","0.791490994232904","0.049","0.438","0.333","0.378","6.96880006790161"
"29","4","50","25","erdos_renyi","ZIP","species","species_1","ZIPLN","StARS_0.9","2.3693","0.0924","0.3463","0.0624","0.0664","0.0678","0.0834","0.0652","0.0665","0.0743","0.0758","0.1803","0.1528","0.1823","0.186","0.0849","0.0867","0.0989","0.1009","0.7224505","0.7184135","0.5229325","0.793214511248747","0.018","0.375","0.545","0.444","6.96880006790161"
"30","4","50","25","erdos_renyi","ZIP","species","species_1","ZIPLN","BIC","2.3706","0.0961","0.3521","0.0667","0.0664","0.0678","0.093","0.0722","0.0737","0.0743","0.0758","0.2009","0.1779","0.1823","0.186","0.096","0.098","0.0989","0.1009","0.7224505","0.7184135","0.5229325","0.79773020855557","0","0.062","1","0.118","0.676904916763306"
"31","4","50","25","erdos_renyi","ZIP","species","species_1","hmsc",NA,"2.2791","2.0255","9.1544","0.8842","0.0664","0.0678",NA,"0.0698","0.0712","0.0743","0.0758","0.3881","0.3785","0.1823","0.186","0.3751","0.3828","0.0989","0.1009","0.6278885",NA,"0.6003","205.3054","0.62","0.688","0.059","0.108","124.700896978378"
"32","4","50","25","erdos_renyi","ZIP","species","species_1","gllvm",NA,"1.3936","0.0892","0.2977","0.0678","0.0664","0.0678",NA,"0.0743","0.0758","0.0743","0.0758","0.3231","0.2465","0.1823","0.186","0.6658","0.6795","0.0989","0.1009","0.7105935",NA,"0.686061","219.7932","0","0",NA,"0","2.03067994117737"
"33","5","50","25","erdos_renyi","ZIP","species","species_1","PLN","StARS_0.8","2.2458","0.1733","0.3551","0.1614","0.0715","0.073","0.2176","0.1703","0.1738","0.0845","0.0862","0.4233","0.356","0.2305","0.2352","0.1546","0.1577","0.1134","0.1157","0.6620635","0.6684565","0.5924865","0.815033882662333","0.943","0.947","0.064","0.119","7.12646198272705"
"34","5","50","25","erdos_renyi","ZIP","species","species_1","PLN","StARS_0.9","2.2412","0.1081","0.4051","0.073","0.0715","0.073","0.1074","0.0846","0.0863","0.0845","0.0862","0.3283","0.2352","0.2305","0.2352","0.1133","0.1156","0.1134","0.1157","0.6620635","0.6684565","0.5924865","0.686047514403374","0.007","0","0","0","7.12646198272705"
"35","5","50","25","erdos_renyi","ZIP","species","species_1","PLN","BIC","2.2412","0.1081","0.4052","0.073","0.0715","0.073","0.1081","0.0845","0.0862","0.0845","0.0862","0.3284","0.2352","0.2305","0.2352","0.1134","0.1157","0.1134","0.1157","0.6620635","0.6684565","0.5924865","0.684563001998458","0","0",NA,"0","0.221956968307495"
"36","5","50","25","erdos_renyi","ZIP","species","species_1","ZIPLN","StARS_0.8","2.3262","0.0821","0.2421","0.0676","0.0715","0.073","0.0878","0.077","0.0786","0.0845","0.0862","0.2305","0.221","0.2305","0.2352","0.1053","0.1075","0.1134","0.1157","0.792136","0.7902905","0.6061155","0.794388168489855","0.043","0.316","0.333","0.324","9.19774103164673"
"37","5","50","25","erdos_renyi","ZIP","species","species_1","ZIPLN","StARS_0.9","2.3275","0.0855","0.2449","0.0715","0.0715","0.073","0.0775","0.082","0.0837","0.0845","0.0862","0.2394","0.2306","0.2305","0.2352","0.1108","0.1131","0.1134","0.1157","0.792136","0.7902905","0.6061155","0.812063240372164","0.014","0.211","0.5","0.296","9.19774103164673"
"38","5","50","25","erdos_renyi","ZIP","species","species_1","ZIPLN","BIC","2.3276","0.0868","0.2457","0.073","0.0715","0.073","0.0868","0.0845","0.0862","0.0845","0.0862","0.2436","0.2352","0.2305","0.2352","0.1134","0.1157","0.1134","0.1157","0.792136","0.7902905","0.6061155","0.816675417673312","0","0",NA,"0","0.811284065246582"
"39","5","50","25","erdos_renyi","ZIP","species","species_1","hmsc",NA,"2.3381","0.7691","3.4577","0.3435","0.0715","0.073",NA,"0.0838","0.0855","0.0845","0.0862","0.4024","0.381","0.2305","0.2352","0.352","0.3592","0.1134","0.1157","0.4948175",NA,"0.4949","201.1152","0.512","0.474","0.059","0.105","123.709784984589"
"40","5","50","25","erdos_renyi","ZIP","species","species_1","gllvm",NA,"1.2975","0.1063","0.3933","0.073","0.0715","0.073",NA,"0.0845","0.0862","0.0845","0.0862","0.399","0.3078","0.2305","0.2352","0.6706","0.6845","0.1134","0.1157","0.6641955",NA,"0.679188","204.3267","0","0",NA,"0","2.30698490142822"
"41","6","50","25","erdos_renyi","ZIP","species","species_1","PLN","StARS_0.8","2.1853","0.127","0.5151","0.0758","0.0765","0.078","0.1178","0.0728","0.0743","0.0739","0.0754","0.3852","0.242","0.231","0.2358","0.1139","0.1163","0.118","0.1204","0.701535","0.686568","0.6541015","0.764033568649692","0.06","0.294","0.227","0.256","6.0320680141449"
"42","6","50","25","erdos_renyi","ZIP","species","species_1","PLN","StARS_0.9","2.1853","0.128","0.5192","0.0765","0.0765","0.078","0.1213","0.0725","0.074","0.0739","0.0754","0.3845","0.241","0.231","0.2358","0.116","0.1184","0.118","0.1204","0.701535","0.686568","0.6541015","0.766187327929728","0.035","0.118","0.167","0.138","6.0320680141449"
"43","6","50","25","erdos_renyi","ZIP","species","species_1","PLN","BIC","2.1853","0.1295","0.5227","0.078","0.0765","0.078","0.1295","0.0739","0.0754","0.0739","0.0754","0.3814","0.2358","0.231","0.2358","0.118","0.1204","0.118","0.1204","0.701535","0.686568","0.6541015","0.766197441578932","0","0",NA,"0","0.244456052780151"
"44","6","50","25","erdos_renyi","ZIP","species","species_1","ZIPLN","StARS_0.8","2.2992","0.0918","0.2957","0.0717","0.0765","0.078","0.0805","0.0651","0.0664","0.0739","0.0754","0.2281","0.2141","0.231","0.2358","0.1063","0.1085","0.118","0.1204","0.798911","0.78989","0.6917415","0.879587049696313","0.042","0.471","0.4","0.432","8.20477604866028"
"45","6","50","25","erdos_renyi","ZIP","species","species_1","ZIPLN","StARS_0.9","2.2993","0.0948","0.2998","0.0749","0.0765","0.078","0.0849","0.069","0.0705","0.0739","0.0754","0.2363","0.2235","0.231","0.2358","0.1123","0.1146","0.118","0.1204","0.798911","0.78989","0.6917415","0.890043104208692","0.011","0.235","0.571","0.333","8.20477604866028"
"46","6","50","25","erdos_renyi","ZIP","species","species_1","ZIPLN","BIC","2.2993","0.0962","0.3028","0.0763","0.0765","0.078","0.0917","0.0709","0.0724","0.0739","0.0754","0.2405","0.2281","0.231","0.2358","0.1149","0.1172","0.118","0.1204","0.798911","0.78989","0.6917415","0.890260240012735","0.004","0.059","0.5","0.105","0.757176160812378"
"47","6","50","25","erdos_renyi","ZIP","species","species_1","hmsc",NA,"2.352","0.4031","1.856","0.1604","0.0765","0.078",NA,"0.0697","0.0711","0.0739","0.0754","0.3437","0.3314","0.231","0.2358","0.3364","0.3434","0.118","0.1204","0.7670705",NA,"0.8652","179.0035","0.389","0.882","0.12","0.211","125.434700965881"
"48","6","50","25","erdos_renyi","ZIP","species","species_1","gllvm",NA,"1.4299","0.0964","0.2936","0.078","0.0765","0.078",NA,"0.0739","0.0754","0.0739","0.0754","0.3546","0.2694","0.231","0.2358","0.6693","0.6831","0.118","0.1204","0.56667",NA,"0.4046915","192.4452","0","0",NA,"0","2.41778302192688"
"49","7","50","25","erdos_renyi","ZIP","species","species_1","PLN","StARS_0.8","2.1996","0.0889","0.3699","0.0502","0.0495","0.0505","0.0845","0.0661","0.0675","0.0632","0.0645","0.3661","0.1699","0.1362","0.1391","0.0737","0.0752","0.072","0.0735","0.61165","0.6675","0.611548","0.657571050515252","0.069","0.2","0.091","0.125","4.93023896217346"
"50","7","50","25","erdos_renyi","ZIP","species","species_1","PLN","StARS_0.9","2.1996","0.0896","0.3735","0.0505","0.0495","0.0505","0.0875","0.065","0.0664","0.0632","0.0645","0.3606","0.1572","0.1362","0.1391","0.073","0.0745","0.072","0.0735","0.61165","0.6675","0.611548","0.659338699581167","0.031","0.1","0.1","0.1","4.93023896217346"
"51","7","50","25","erdos_renyi","ZIP","species","species_1","PLN","BIC","2.1997","0.0901","0.3767","0.0505","0.0495","0.0505","0.0901","0.0632","0.0645","0.0632","0.0645","0.3532","0.1391","0.1362","0.1391","0.072","0.0735","0.072","0.0735","0.61165","0.6675","0.611548","0.660537847351917","0","0",NA,"0","0.19845700263977"
"52","7","50","25","erdos_renyi","ZIP","species","species_1","ZIPLN","StARS_0.8","2.3373","0.0631","0.2326","0.0436","0.0495","0.0505","0.0662","0.0534","0.0545","0.0632","0.0645","0.1576","0.1165","0.1362","0.1391","0.0613","0.0625","0.072","0.0735","0.75385","0.7343","0.6369855","0.717181233843253","0.055","0.4","0.2","0.267","9.54363203048706"
"53","7","50","25","erdos_renyi","ZIP","species","species_1","ZIPLN","StARS_0.9","2.3368","0.0657","0.2383","0.0461","0.0495","0.0505","0.061","0.056","0.0571","0.0632","0.0645","0.162","0.1236","0.1362","0.1391","0.0646","0.066","0.072","0.0735","0.75385","0.7343","0.6369855","0.73233819511316","0.017","0.3","0.375","0.333","9.54363203048706"
"54","7","50","25","erdos_renyi","ZIP","species","species_1","ZIPLN","BIC","2.3368","0.0692","0.2416","0.0505","0.0495","0.0505","0.0692","0.0632","0.0645","0.0632","0.0645","0.1736","0.1391","0.1362","0.1391","0.072","0.0735","0.072","0.0735","0.75385","0.7343","0.6369855","0.738571502131644","0","0",NA,"0","0.808362007141113"
"55","7","50","25","erdos_renyi","ZIP","species","species_1","hmsc",NA,"2.29","0.6446","2.8643","0.3016","0.0495","0.0505",NA,"0.0719","0.0734","0.0632","0.0645","0.3966","0.3881","0.1362","0.1391","0.368","0.3756","0.072","0.0735","0.5594",NA,"0.4659","246.879","0.545","0.7","0.042","0.08","47.8730311393738"
"56","7","50","25","erdos_renyi","ZIP","species","species_1","gllvm",NA,"1.4936","0.1193","0.5429","0.0505","0.0495","0.0505",NA,"0.0632","0.0645","0.0632","0.0645","0.5681","0.4685","0.1362","0.1391","0.6744","0.6883","0.072","0.0735","0.55465",NA,"0.4723305","250.7789","0","0",NA,"0","2.98855495452881"
"57","8","50","25","erdos_renyi","ZIP","species","species_1","PLN","StARS_0.8","2.3161","0.1931","0.463","0.173","0.0551","0.0562","0.2742","0.169","0.1725","0.0715","0.073","0.4213","0.3509","0.1543","0.1575","0.1479","0.1509","0.0812","0.0829","0.6884605","0.6786655","0.589359","0.838439748273872","0.955","1","0.049","0.093","5.89389586448669"
"58","8","50","25","erdos_renyi","ZIP","species","species_1","PLN","StARS_0.9","2.3147","0.0845","0.3265","0.0548","0.0551","0.0562","0.0758","0.0681","0.0695","0.0715","0.073","0.2713","0.1477","0.1543","0.1575","0.0772","0.0788","0.0812","0.0829","0.6884605","0.6786655","0.589359","0.699331668064663","0.021","0.357","0.455","0.4","5.89389586448669"
"59","8","50","25","erdos_renyi","ZIP","species","species_1","PLN","BIC","2.3147","0.0856","0.3275","0.0562","0.0551","0.0562","0.0856","0.0715","0.073","0.0715","0.073","0.2765","0.1575","0.1543","0.1575","0.0812","0.0829","0.0812","0.0829","0.6884605","0.6786655","0.589359","0.700802484103608","0","0",NA,"0","0.350666999816895"
"60","8","50","25","erdos_renyi","ZIP","species","species_1","ZIPLN","StARS_0.8","2.3953","0.0684","0.2498","0.0477","0.0551","0.0562","0.0681","0.0586","0.0598","0.0715","0.073","0.1587","0.122","0.1543","0.1575","0.0645","0.0659","0.0812","0.0829","0.8657145","0.8536845","0.5919135","0.740946394909102","0.07","0.571","0.286","0.381","11.1028158664703"
"61","8","50","25","erdos_renyi","ZIP","species","species_1","ZIPLN","StARS_0.9","2.3944","0.0718","0.255","0.0515","0.0551","0.0562","0.0654","0.0631","0.0644","0.0715","0.073","0.1654","0.1326","0.1543","0.1575","0.0706","0.072","0.0812","0.0829","0.8657145","0.8536845","0.5919135","0.758810548053104","0.031","0.5","0.438","0.467","11.1028158664703"
"62","8","50","25","erdos_renyi","ZIP","species","species_1","ZIPLN","BIC","2.3945","0.0757","0.2596","0.0562","0.0551","0.0562","0.0757","0.0715","0.073","0.0715","0.073","0.1851","0.1575","0.1543","0.1575","0.0812","0.0829","0.0812","0.0829","0.8657145","0.8536845","0.5919135","0.762508895130786","0","0",NA,"0","0.856055974960327"
"63","8","50","25","erdos_renyi","ZIP","species","species_1","hmsc",NA,"2.4139","0.5595","2.5586","0.2308","0.0551","0.0562",NA,"0.0734","0.0749","0.0715","0.073","0.3861","0.3719","0.1543","0.1575","0.3595","0.3669","0.0812","0.0829","0.494426",NA,"0.4367","195.0726","0.521","0.429","0.039","0.071","50.1505551338196"
"64","8","50","25","erdos_renyi","ZIP","species","species_1","gllvm",NA,"1.5777","0.0777","0.2737","0.0562","0.0551","0.0562",NA,"0.0715","0.073","0.0715","0.073","0.3992","0.3212","0.1543","0.1575","0.6636","0.6773","0.0812","0.0829","0.628744",NA,"0.5372935","220.1033","0","0",NA,"0","1.26214003562927"
"65","9","50","25","erdos_renyi","ZIP","species","species_1","PLN","StARS_0.8","2.2942","0.0818","0.3432","0.0454","0.0442","0.0451","0.0782","0.0621","0.0633","0.0596","0.0608","0.3437","0.1372","0.1214","0.1239","0.0698","0.0713","0.0683","0.0697","0.5770025","0.5545515","0.482284","0.645431466705704","0.038","0.182","0.154","0.167","5.10802388191223"
"66","9","50","25","erdos_renyi","ZIP","species","species_1","PLN","StARS_0.9","2.2943","0.082","0.3452","0.0452","0.0442","0.0451","0.0803","0.0604","0.0617","0.0596","0.0608","0.3404","0.1288","0.1214","0.1239","0.0688","0.0703","0.0683","0.0697","0.5770025","0.5545515","0.482284","0.642744785887623","0.017","0","0","0","5.10802388191223"
"67","9","50","25","erdos_renyi","ZIP","species","species_1","PLN","BIC","2.2941","0.0821","0.346","0.0451","0.0442","0.0451","0.0821","0.0596","0.0608","0.0596","0.0608","0.3387","0.1239","0.1214","0.1239","0.0683","0.0697","0.0683","0.0697","0.5770025","0.5545515","0.482284","0.647247699509877","0","0",NA,"0","0.263301849365234"
"68","9","50","25","erdos_renyi","ZIP","species","species_1","ZIPLN","StARS_0.8","2.3461","0.0565","0.2099","0.0386","0.0442","0.0451","0.0587","0.0518","0.0529","0.0596","0.0608","0.1578","0.1116","0.1214","0.1239","0.06","0.0612","0.0683","0.0697","0.6506615","0.6391685","0.5705435","0.701573780842706","0.083","0.455","0.172","0.25","9.09503793716431"
"69","9","50","25","erdos_renyi","ZIP","species","species_1","ZIPLN","StARS_0.9","2.3461","0.0591","0.2204","0.0402","0.0442","0.0451","0.0597","0.0515","0.0526","0.0596","0.0608","0.1501","0.1028","0.1214","0.1239","0.0584","0.0596","0.0683","0.0697","0.6506615","0.6391685","0.5705435","0.711676511221166","0.042","0.273","0.2","0.231","9.09503793716431"
"70","9","50","25","erdos_renyi","ZIP","species","species_1","ZIPLN","BIC","2.3474","0.0632","0.226","0.0451","0.0442","0.0451","0.0632","0.0596","0.0608","0.0596","0.0608","0.1629","0.1239","0.1214","0.1239","0.0683","0.0697","0.0683","0.0697","0.6506615","0.6391685","0.5705435","0.72654473774156","0","0",NA,"0","0.847759008407593"
"71","9","50","25","erdos_renyi","ZIP","species","species_1","hmsc",NA,"2.396","0.1829","0.8038","0.089","0.0442","0.0451",NA,"0.0618","0.063","0.0596","0.0608","0.3194","0.3051","0.1214","0.1239","0.2928","0.2988","0.0683","0.0697","0.572046",NA,"0.5866","224.9515","0.304","0.545","0.064","0.114","50.0628719329834"
"72","9","50","25","erdos_renyi","ZIP","species","species_1","gllvm",NA,"1.569","0.1163","0.5381","0.0448","0.0442","0.0451",NA,"0.0595","0.0607","0.0596","0.0608","1.0122","0.7542","0.1214","0.1239","0.6911","0.7053","0.0683","0.0697","0.5097795",NA,"0.479903","229.9644","0.003","0.091","0.5","0.154","1.72444200515747"
"73","10","50","25","erdos_renyi","ZIP","species","species_1","PLN","StARS_0.8","1.9785","0.0989","0.4108","0.0562","0.0599","0.0611","0.0888","0.0608","0.062","0.0726","0.0741","0.3694","0.1287","0.1536","0.1568","0.0729","0.0744","0.0849","0.0867","0.729183","0.7447885","0.59669","0.662660326116658","0.08","0.417","0.179","0.25","5.11377000808716"
"74","10","50","25","erdos_renyi","ZIP","species","species_1","PLN","StARS_0.9","1.9785","0.1004","0.4147","0.0577","0.0599","0.0611","0.0913","0.0633","0.0646","0.0726","0.0741","0.3697","0.1297","0.1536","0.1568","0.0758","0.0774","0.0849","0.0867","0.729183","0.7447885","0.59669","0.663181775470639","0.035","0.333","0.286","0.308","5.11377000808716"
"75","10","50","25","erdos_renyi","ZIP","species","species_1","PLN","BIC","1.9785","0.1027","0.4175","0.0611","0.0599","0.0611","0.1027","0.0726","0.0741","0.0726","0.0741","0.3796","0.1568","0.1536","0.1568","0.0849","0.0867","0.0849","0.0867","0.729183","0.7447885","0.59669","0.668842003000049","0","0",NA,"0","0.288295984268188"
"76","10","50","25","erdos_renyi","ZIP","species","species_1","ZIPLN","StARS_0.8","2.1762","0.0777","0.2895","0.0529","0.0599","0.0611","0.0802","0.0595","0.0607","0.0726","0.0741","0.1648","0.1266","0.1536","0.1568","0.0717","0.0732","0.0849","0.0867","0.7449635","0.7459755","0.628536","0.716940148887634","0.08","0.417","0.179","0.25","12.0767951011658"
"77","10","50","25","erdos_renyi","ZIP","species","species_1","ZIPLN","StARS_0.9","2.1798","0.0806","0.2952","0.0559","0.0599","0.0611","0.0735","0.0633","0.0646","0.0726","0.0741","0.1704","0.1355","0.1536","0.1568","0.076","0.0775","0.0849","0.0867","0.7449635","0.7459755","0.628536","0.734661363022674","0.021","0.333","0.4","0.364","12.0767951011658"
"78","10","50","25","erdos_renyi","ZIP","species","species_1","ZIPLN","BIC","2.1803","0.0845","0.2983","0.0611","0.0599","0.0611","0.0845","0.0726","0.0741","0.0726","0.0741","0.1865","0.1568","0.1536","0.1568","0.0849","0.0867","0.0849","0.0867","0.7449635","0.7459755","0.628536","0.746432036737881","0","0",NA,"0","0.975332975387573"
"79","10","50","25","erdos_renyi","ZIP","species","species_1","hmsc",NA,"2.1773","0.4579","2.0625","0.2028","0.0599","0.0611",NA,"0.0725","0.074","0.0726","0.0741","0.3583","0.347","0.1536","0.1568","0.3359","0.3429","0.0849","0.0867","0.717696",NA,"0.7086","222.5007","0.514","0.833","0.063","0.118","50.1634180545807"
"80","10","50","25","erdos_renyi","ZIP","species","species_1","gllvm",NA,"1.3295","0.0914","0.3455","0.0611","0.0599","0.0611",NA,"0.0726","0.0741","0.0726","0.0741","0.3404","0.2428","0.1536","0.1568","0.695","0.7093","0.0849","0.0867","0.589066",NA,"0.6561165","221.4889","0","0",NA,"0","2.03443598747253"
"81","1","50","25","erdos_renyi","ZIP","species","species_2","PLN","StARS_0.8","1.7191","0.0997","0.4205","0.0546","0.0543","0.0554","0.0943","0.0825","0.0842","0.0825","0.0842","1.0425","0.3211","0.2182","0.2227","0.0924","0.0944","0.0934","0.0953","0.7738315","0.8153445","0.694899","0.512700852887429","0.07","0.385","0.2","0.263","7.95526790618896"
"82","1","50","25","erdos_renyi","ZIP","species","species_2","PLN","StARS_0.9","1.7191","0.1003","0.4222","0.0553","0.0543","0.0554","0.0966","0.084","0.0857","0.0825","0.0842","1.0357","0.2975","0.2182","0.2227","0.0945","0.0964","0.0934","0.0953","0.7738315","0.8153445","0.694899","0.516493019407145","0.042","0.231","0.2","0.214","7.95526790618896"
"83","1","50","25","erdos_renyi","ZIP","species","species_2","PLN","BIC","1.7192","0.1007","0.4238","0.0554","0.0543","0.0554","0.1007","0.0825","0.0842","0.0825","0.0842","1.0173","0.2227","0.2182","0.2227","0.0934","0.0953","0.0934","0.0953","0.7738315","0.8153445","0.694899","0.517694402103952","0","0",NA,"0","0.311146020889282"
"84","1","50","25","erdos_renyi","ZIP","species","species_2","ZIPLN","StARS_0.8","2.1022","0.0596","0.1844","0.0478","0.0543","0.0554","0.0554","0.0683","0.0697","0.0825","0.0842","0.212","0.1918","0.2182","0.2227","0.0791","0.0807","0.0934","0.0953","0.807493","0.8241685","0.709058","0.650478208932769","0.042","0.692","0.429","0.529","18.8119721412659"
"85","1","50","25","erdos_renyi","ZIP","species","species_2","ZIPLN","StARS_0.9","2.103","0.0623","0.1888","0.0506","0.0543","0.0554","0.0556","0.0731","0.0746","0.0825","0.0842","0.2211","0.2023","0.2182","0.2227","0.0841","0.0859","0.0934","0.0953","0.807493","0.8241685","0.709058","0.65330090968314","0.021","0.462","0.5","0.48","18.8119721412659"
"86","1","50","25","erdos_renyi","ZIP","species","species_2","ZIPLN","BIC","2.1089","0.0667","0.1937","0.0554","0.0543","0.0554","0.0667","0.0825","0.0842","0.0825","0.0842","0.2386","0.2227","0.2182","0.2227","0.0934","0.0953","0.0934","0.0953","0.807493","0.8241685","0.709058","0.661716492762499","0","0",NA,"0","2.08623313903809"
"87","1","50","25","erdos_renyi","ZIP","species","species_2","hmsc",NA,"2.0861","0.0532","0.0423","0.0536","0.0543","0.0554",NA,"0.08","0.0816","0.0825","0.0842","0.3352","0.2691","0.2182","0.2227","0.1981","0.2022","0.0934","0.0953","0.4929635",NA,"0.4845","213.4008","0.017","0.077","0.167","0.105","66.6964800357819"
"88","1","50","25","erdos_renyi","ZIP","species","species_2","gllvm",NA,"1.3049","0.0959","0.3952","0.0554","0.0543","0.0554",NA,"0.0825","0.0842","0.0825","0.0842","0.5941","0.5283","0.2182","0.2227","0.6704","0.6842","0.0934","0.0953","0.518299",NA,"0.4493485","247.052","0","0",NA,"0","1.88847708702087"
"89","2","50","25","erdos_renyi","ZIP","species","species_2","PLN","StARS_0.8","1.8827","0.1498","0.6557","0.074","0.073","0.0745","0.1439","0.0805","0.0821","0.0804","0.082","0.9759","0.2583","0.2085","0.2128","0.1183","0.1208","0.1188","0.1212","0.7055165","0.701915","0.408921","0.525757074308906","0.065","0.182","0.182","0.182","7.80408906936646"
"90","2","50","25","erdos_renyi","ZIP","species","species_2","PLN","StARS_0.9","1.8828","0.1503","0.6567","0.0745","0.073","0.0745","0.1488","0.0811","0.0828","0.0804","0.082","0.9708","0.2377","0.2085","0.2128","0.1193","0.1218","0.1188","0.1212","0.7055165","0.701915","0.408921","0.526549589757564","0.032","0.045","0.1","0.063","7.80408906936646"
"91","2","50","25","erdos_renyi","ZIP","species","species_2","PLN","BIC","1.8828","0.1503","0.6572","0.0745","0.073","0.0745","0.1503","0.0804","0.082","0.0804","0.082","0.9652","0.2128","0.2085","0.2128","0.1188","0.1212","0.1188","0.1212","0.7055165","0.701915","0.408921","0.529108010013779","0","0",NA,"0","0.351731061935425"
"92","2","50","25","erdos_renyi","ZIP","species","species_2","ZIPLN","StARS_0.8","2.1797","0.0864","0.3082","0.0618","0.073","0.0745","0.0861","0.0658","0.0671","0.0804","0.082","0.1951","0.1588","0.2085","0.2128","0.089","0.0908","0.1188","0.1212","0.8025555","0.7618635","0.537648","0.701709463971918","0.076","0.636","0.4","0.491","19.1395950317383"
"93","2","50","25","erdos_renyi","ZIP","species","species_2","ZIPLN","StARS_0.9","2.1849","0.0957","0.3373","0.0693","0.073","0.0745","0.0867","0.073","0.0745","0.0804","0.082","0.2209","0.1924","0.2085","0.2128","0.1089","0.1111","0.1188","0.1212","0.8025555","0.7618635","0.537648","0.72656485026849","0.025","0.318","0.5","0.389","19.1395950317383"
"94","2","50","25","erdos_renyi","ZIP","species","species_2","ZIPLN","BIC","2.1851","0.098","0.3431","0.0714","0.073","0.0745","0.0902","0.0755","0.077","0.0804","0.082","0.2284","0.2013","0.2085","0.2128","0.1135","0.1159","0.1188","0.1212","0.8025555","0.7618635","0.537648","0.731567088479052","0.007","0.182","0.667","0.286","1.93140697479248"
"95","2","50","25","erdos_renyi","ZIP","species","species_2","hmsc",NA,"2.2167","1.0989","4.9741","0.4764","0.073","0.0745",NA,"0.0771","0.0787","0.0804","0.082","0.3803","0.3701","0.2085","0.2128","0.3705","0.3781","0.1188","0.1212","0.628696",NA,"0.4627","192.6338","0.619","0.773","0.09","0.161","65.0327060222626"
"96","2","50","25","erdos_renyi","ZIP","species","species_2","gllvm",NA,"1.3185","0.1042","0.372","0.0745","0.073","0.0745",NA,"0.0804","0.082","0.0804","0.082","0.373","0.3105","0.2085","0.2128","0.6675","0.6812","0.1188","0.1212","0.6236945",NA,"0.588679","209.7075","0","0",NA,"0","2.98638010025024"
"97","3","50","25","erdos_renyi","ZIP","species","species_2","PLN","StARS_0.8","1.7834","0.1529","0.6343","0.0871","0.0859","0.0876","0.1477","0.0976","0.0996","0.0971","0.0991","0.9644","0.3082","0.2595","0.2649","0.1344","0.1372","0.1355","0.1383","0.544725","0.54305","0.5590585","0.520719482655269","0.093","0.15","0.103","0.122","9.12773394584656"
"98","3","50","25","erdos_renyi","ZIP","species","species_2","PLN","StARS_0.9","1.7835","0.1537","0.6374","0.0876","0.0859","0.0876","0.1524","0.0973","0.0993","0.0971","0.0991","0.9531","0.2693","0.2595","0.2649","0.1356","0.1384","0.1355","0.1383","0.544725","0.54305","0.5590585","0.518425620299921","0.021","0","0","0","9.12773394584656"
"99","3","50","25","erdos_renyi","ZIP","species","species_2","PLN","BIC","1.7835","0.1537","0.6376","0.0876","0.0859","0.0876","0.1537","0.0971","0.0991","0.0971","0.0991","0.9519","0.2649","0.2595","0.2649","0.1355","0.1383","0.1355","0.1383","0.544725","0.54305","0.5590585","0.526318224445144","0","0",NA,"0","0.407715082168579"
"100","3","50","25","erdos_renyi","ZIP","species","species_2","ZIPLN","StARS_0.8","2.2551","0.0983","0.2883","0.0812","0.0859","0.0876","0.1017","0.0874","0.0892","0.0971","0.0991","0.2408","0.2334","0.2595","0.2649","0.1209","0.1234","0.1355","0.1383","0.754425","0.7396","0.567523","0.706518395022344","0.089","0.4","0.242","0.302","16.8712909221649"
"101","3","50","25","erdos_renyi","ZIP","species","species_2","ZIPLN","StARS_0.9","2.2571","0.1037","0.3009","0.0861","0.0859","0.0876","0.0983","0.0944","0.0964","0.0971","0.0991","0.264","0.2583","0.2595","0.2649","0.1326","0.1353","0.1355","0.1383","0.754425","0.7396","0.567523","0.728083770496355","0.011","0.15","0.5","0.231","16.8712909221649"
"102","3","50","25","erdos_renyi","ZIP","species","species_2","ZIPLN","BIC","2.2573","0.105","0.3026","0.0876","0.0859","0.0876","0.105","0.0971","0.0991","0.0971","0.0991","0.2701","0.2649","0.2595","0.2649","0.1355","0.1383","0.1355","0.1383","0.754425","0.7396","0.567523","0.72849176842122","0","0",NA,"0","1.71915578842163"
"103","3","50","25","erdos_renyi","ZIP","species","species_2","hmsc",NA,"2.2156","0.3476","1.5343","0.1667","0.0859","0.0876",NA,"0.0944","0.0964","0.0971","0.0991","0.3638","0.3362","0.2595","0.2649","0.2984","0.3045","0.1355","0.1383","0.635375",NA,"0.7164","206.842","0.425","0.6","0.092","0.159","66.7815477848053"
"104","3","50","25","erdos_renyi","ZIP","species","species_2","gllvm",NA,"1.3567","0.1179","0.404","0.0876","0.0859","0.0876",NA,"0.0971","0.0991","0.0971","0.0991","0.3958","0.3112","0.2595","0.2649","0.6497","0.6631","0.1355","0.1383","0.68855",NA,"0.70375","211.2693","0","0",NA,"0","2.55798101425171"
"105","4","50","25","erdos_renyi","ZIP","species","species_2","PLN","StARS_0.8","1.9516","0.1446","0.6579","0.0612","0.0598","0.061","0.1392","0.0692","0.0707","0.0642","0.0655","1.2172","0.2846","0.1787","0.1824","0.1069","0.1091","0.103","0.1051","0.584041","0.5547745","0.5665645","0.553251793585442","0.085","0.25","0.143","0.182","9.09866714477539"
"106","4","50","25","erdos_renyi","ZIP","species","species_2","PLN","StARS_0.9","1.9516","0.145","0.6606","0.0611","0.0598","0.061","0.1437","0.0647","0.066","0.0642","0.0655","1.2011","0.2013","0.1787","0.1824","0.1034","0.1055","0.103","0.1051","0.584041","0.5547745","0.5665645","0.553969041257234","0.021","0.062","0.143","0.087","9.09866714477539"
"107","4","50","25","erdos_renyi","ZIP","species","species_2","PLN","BIC","1.9515","0.1451","0.6608","0.061","0.0598","0.061","0.1451","0.0642","0.0655","0.0642","0.0655","1.1982","0.1824","0.1787","0.1824","0.103","0.1051","0.103","0.1051","0.584041","0.5547745","0.5665645","0.554146809695008","0","0",NA,"0","0.288710117340088"
"108","4","50","25","erdos_renyi","ZIP","species","species_2","ZIPLN","StARS_0.8","2.1301","0.0805","0.2873","0.0576","0.0598","0.061","0.0832","0.0596","0.0608","0.0642","0.0655","0.1839","0.1626","0.1787","0.1824","0.0932","0.0951","0.103","0.1051","0.7103365","0.7278105","0.6081455","0.758981690469333","0.07","0.312","0.2","0.244","16.8051810264587"
"109","4","50","25","erdos_renyi","ZIP","species","species_2","ZIPLN","StARS_0.9","2.13","0.0819","0.2952","0.058","0.0598","0.061","0.0793","0.0594","0.0606","0.0642","0.0655","0.1893","0.1688","0.1787","0.1824","0.0962","0.0982","0.103","0.1051","0.7103365","0.7278105","0.6081455","0.761210472004762","0.028","0.25","0.333","0.286","16.8051810264587"
"110","4","50","25","erdos_renyi","ZIP","species","species_2","ZIPLN","BIC","2.1231","0.0848","0.3005","0.061","0.0598","0.061","0.0848","0.0642","0.0655","0.0642","0.0655","0.2007","0.1824","0.1787","0.1824","0.103","0.1051","0.103","0.1051","0.7103365","0.7278105","0.6081455","0.772290154473015","0","0",NA,"0","1.87427997589111"
"111","4","50","25","erdos_renyi","ZIP","species","species_2","hmsc",NA,"2.0695","1.4982","6.8493","0.6192","0.0598","0.061",NA,"0.0712","0.0727","0.0642","0.0655","0.4928","0.4943","0.1787","0.1824","0.495","0.5052","0.103","0.1051","0.735138",NA,"0.7105","173.6081","0.651","0.812","0.066","0.121","63.2014770507812"
"112","4","50","25","erdos_renyi","ZIP","species","species_2","gllvm",NA,"1.3706","0.0855","0.3057","0.061","0.0598","0.061",NA,"0.0642","0.0655","0.0642","0.0655","0.3392","0.2853","0.1787","0.1824","0.699","0.7134","0.103","0.1051","0.6441545",NA,"0.668684","180.8672","0","0",NA,"0","2.53743696212769"
"113","5","50","25","erdos_renyi","ZIP","species","species_2","PLN","StARS_0.8","2.1596","0.1306","0.5656","0.0666","0.065","0.0664","0.1273","0.0824","0.0841","0.0785","0.0801","0.9596","0.2523","0.1695","0.173","0.0971","0.0991","0.0959","0.0979","0.6188215","0.646045","0.6045475","0.555462456210137","0.088","0.059","0.038","0.047","7.16768193244934"
"114","5","50","25","erdos_renyi","ZIP","species","species_2","PLN","StARS_0.9","2.1596","0.1308","0.5672","0.0664","0.065","0.0664","0.1304","0.0795","0.0811","0.0785","0.0801","0.9456","0.1903","0.1695","0.173","0.095","0.0969","0.0959","0.0979","0.6188215","0.646045","0.6045475","0.558342087601839","0.007","0.059","0.333","0.1","7.16768193244934"
"115","5","50","25","erdos_renyi","ZIP","species","species_2","PLN","BIC","2.1596","0.1308","0.5674","0.0664","0.065","0.0664","0.1305","0.0789","0.0805","0.0785","0.0801","0.9432","0.1772","0.1695","0.173","0.0949","0.0969","0.0959","0.0979","0.6188215","0.646045","0.6045475","0.558058517126798","0.004","0","0","0","0.263436079025269"
"116","5","50","25","erdos_renyi","ZIP","species","species_2","ZIPLN","StARS_0.8","2.3467","0.0856","0.2959","0.0631","0.065","0.0664","0.0815","0.0746","0.0762","0.0785","0.0801","0.1857","0.1658","0.1695","0.173","0.0911","0.093","0.0959","0.0979","0.80165","0.761017","0.694155","0.716733240236056","0.057","0.471","0.333","0.39","19.3266780376434"
"117","5","50","25","erdos_renyi","ZIP","species","species_2","ZIPLN","StARS_0.9","2.3474","0.0881","0.3017","0.0655","0.065","0.0664","0.0837","0.0776","0.0792","0.0785","0.0801","0.1895","0.1711","0.1695","0.173","0.0946","0.0965","0.0959","0.0979","0.80165","0.761017","0.694155","0.723090721826165","0.035","0.235","0.286","0.258","19.3266780376434"
"118","5","50","25","erdos_renyi","ZIP","species","species_2","ZIPLN","BIC","2.3489","0.089","0.3038","0.0664","0.065","0.0664","0.089","0.0785","0.0801","0.0785","0.0801","0.1903","0.173","0.1695","0.173","0.0959","0.0979","0.0959","0.0979","0.80165","0.761017","0.694155","0.730463827053979","0","0",NA,"0","1.64011597633362"
"119","5","50","25","erdos_renyi","ZIP","species","species_2","hmsc",NA,"2.2908","0.0693","0.1023","0.0676","0.065","0.0664",NA,"0.0802","0.0818","0.0785","0.0801","0.2433","0.218","0.1695","0.173","0.169","0.1725","0.0959","0.0979","0.5470165",NA,"0.469","196.3023","0.025","0","0","0","64.3119688034058"
"120","5","50","25","erdos_renyi","ZIP","species","species_2","gllvm",NA,"1.5049","0.0957","0.3509","0.0664","0.065","0.0664",NA,"0.0785","0.0801","0.0785","0.0801","0.4098","0.3398","0.1695","0.173","0.6761","0.6901","0.0959","0.0979","0.638754",NA,"0.6888065","215.7238","0","0",NA,"0","3.38925886154175"
"121","6","50","25","erdos_renyi","ZIP","species","species_2","PLN","StARS_0.8","1.8117","0.1011","0.4715","0.0371","0.0363","0.037","0.0983","0.0555","0.0566","0.0518","0.0529","1.0701","0.2383","0.1178","0.1203","0.0655","0.0668","0.0621","0.0634","0.386246","0.4082135","0.4095015","0.519931083240818","0.062","0","0","0","8.17917895317078"
"122","6","50","25","erdos_renyi","ZIP","species","species_2","PLN","StARS_0.9","1.8117","0.1012","0.4724","0.0371","0.0363","0.037","0.1004","0.0535","0.0546","0.0518","0.0529","1.0606","0.1889","0.1178","0.1203","0.0635","0.0648","0.0621","0.0634","0.386246","0.4082135","0.4095015","0.520130627065116","0.024","0","0","0","8.17917895317078"
"123","6","50","25","erdos_renyi","ZIP","species","species_2","PLN","BIC","1.8117","0.1013","0.473","0.037","0.0363","0.037","0.1013","0.0518","0.0529","0.0518","0.0529","1.0509","0.1203","0.1178","0.1203","0.0621","0.0634","0.0621","0.0634","0.386246","0.4082135","0.4095015","0.521662923640161","0","0",NA,"0","0.366981029510498"
"124","6","50","25","erdos_renyi","ZIP","species","species_2","ZIPLN","StARS_0.8","2.1964","0.0571","0.2062","0.0403","0.0363","0.037","0.09","0.0542","0.0553","0.0518","0.0529","0.139","0.1179","0.1178","0.1203","0.0634","0.0648","0.0621","0.0634","0.715255","0.625124","0.537097","0.724768908558887","0.089","0.222","0.071","0.108","18.8111190795898"
"125","6","50","25","erdos_renyi","ZIP","species","species_2","ZIPLN","StARS_0.9","2.196","0.0548","0.2032","0.0375","0.0363","0.037","0.0764","0.0518","0.0528","0.0518","0.0529","0.1386","0.1178","0.1178","0.1203","0.0617","0.063","0.0621","0.0634","0.715255","0.625124","0.537097","0.73671989482826","0.034","0.222","0.167","0.19","18.8111190795898"
"126","6","50","25","erdos_renyi","ZIP","species","species_2","ZIPLN","BIC","2.195","0.0544","0.2028","0.037","0.0363","0.037","0.0544","0.0518","0.0529","0.0518","0.0529","0.1409","0.1203","0.1178","0.1203","0.0621","0.0634","0.0621","0.0634","0.715255","0.625124","0.537097","0.74805802683011","0","0",NA,"0","1.72042608261108"
"127","6","50","25","erdos_renyi","ZIP","species","species_2","hmsc",NA,"2.1286","0.0791","0.2755","0.0579","0.0363","0.037",NA,"0.0639","0.0652","0.0518","0.0529","0.3475","0.3319","0.1178","0.1203","0.3114","0.3178","0.0621","0.0634","0.5190135",NA,"0.4212","198.9923","0.258","0","0","0","67.5258028507233"
"128","6","50","25","erdos_renyi","ZIP","species","species_2","gllvm",NA,"1.4093","0.0627","0.2557","0.037","0.0363","0.037",NA,"0.0518","0.0529","0.0518","0.0529","0.4373","0.3708","0.1178","0.1203","0.6816","0.6956","0.0621","0.0634","0.461542",NA,"0.440873","200.7981","0","0",NA,"0","1.96917581558228"
"129","7","50","25","erdos_renyi","ZIP","species","species_2","PLN","StARS_0.8","1.7821","0.1269","0.5557","0.0624","0.0612","0.0624","0.1259","0.081","0.0826","0.0801","0.0817","1.1456","0.2478","0.2104","0.2147","0.0966","0.0986","0.0961","0.0981","0.510499","0.5288935","0.5911395","0.478497068806017","0.031","0","0","0","6.11225390434265"
"130","7","50","25","erdos_renyi","ZIP","species","species_2","PLN","StARS_0.9","1.7821","0.1269","0.556","0.0624","0.0612","0.0624","0.1266","0.0804","0.0821","0.0801","0.0817","1.1417","0.2289","0.2104","0.2147","0.0963","0.0983","0.0961","0.0981","0.510499","0.5288935","0.5911395","0.478332465047968","0.01","0","0","0","6.11225390434265"
"131","7","50","25","erdos_renyi","ZIP","species","species_2","PLN","BIC","1.7822","0.1269","0.5561","0.0624","0.0612","0.0624","0.1269","0.0801","0.0817","0.0801","0.0817","1.139","0.2147","0.2104","0.2147","0.0961","0.0981","0.0961","0.0981","0.510499","0.5288935","0.5911395","0.482729300350255","0","0",NA,"0","0.419980049133301"
"132","7","50","25","erdos_renyi","ZIP","species","species_2","ZIPLN","StARS_0.8","2.1302","0.0732","0.2911","0.0454","0.0612","0.0624","0.074","0.0525","0.0536","0.0801","0.0817","0.1762","0.1502","0.2104","0.2147","0.0667","0.068","0.0961","0.0981","0.870995","0.8331705","0.641456","0.718486448175644","0.073","0.692","0.3","0.419","9.11144804954529"
"133","7","50","25","erdos_renyi","ZIP","species","species_2","ZIPLN","StARS_0.9","2.1235","0.0811","0.2994","0.0559","0.0612","0.0624","0.07","0.0682","0.0696","0.0801","0.0817","0.2072","0.1869","0.2104","0.2147","0.0844","0.0862","0.0961","0.0981","0.870995","0.8331705","0.641456","0.731407068331866","0","0.462","1","0.632","9.11144804954529"
"134","7","50","25","erdos_renyi","ZIP","species","species_2","ZIPLN","BIC","2.1171","0.0859","0.3013","0.0624","0.0612","0.0624","0.0859","0.0801","0.0817","0.0801","0.0817","0.2316","0.2147","0.2104","0.2147","0.0961","0.0981","0.0961","0.0981","0.870995","0.8331705","0.641456","0.740685360100012","0","0",NA,"0","0.73076605796814"
"135","7","50","25","erdos_renyi","ZIP","species","species_2","hmsc",NA,"2.1211","0.2102","0.9215","0.1032","0.0612","0.0624",NA,"0.0776","0.0792","0.0801","0.0817","0.3343","0.2951","0.2104","0.2147","0.2743","0.2799","0.0961","0.0981","0.6425145",NA,"0.7134","200.3644","0.362","0.462","0.055","0.098","52.9204289913177"
"136","7","50","25","erdos_renyi","ZIP","species","species_2","gllvm",NA,"1.3542","0.0979","0.3823","0.0624","0.0612","0.0624",NA,"0.0801","0.0817","0.0801","0.0817","0.4861","0.4184","0.2104","0.2147","0.6769","0.6909","0.0961","0.0981","0.584213",NA,"0.5509315","211.4829","0","0",NA,"0","2.04566478729248"
"137","8","50","25","erdos_renyi","ZIP","species","species_2","PLN","StARS_0.8","1.6018","0.1633","0.702","0.0852","0.0834","0.0851","0.1604","0.0909","0.0928","0.0886","0.0905","1.2679","0.3853","0.2876","0.2935","0.1409","0.1438","0.1378","0.1406","0.57015","0.54155","0.5385535","0.524757116035312","0.064","0.05","0.053","0.051","4.79743099212646"
"138","8","50","25","erdos_renyi","ZIP","species","species_2","PLN","StARS_0.9","1.6019","0.1635","0.703","0.0851","0.0834","0.0851","0.1617","0.0895","0.0914","0.0886","0.0905","1.2568","0.3455","0.2876","0.2935","0.1395","0.1424","0.1378","0.1406","0.57015","0.54155","0.5385535","0.519703907020515","0.046","0","0","0","4.79743099212646"
"139","8","50","25","erdos_renyi","ZIP","species","species_2","PLN","BIC","1.602","0.1636","0.7035","0.0851","0.0834","0.0851","0.1636","0.0886","0.0905","0.0886","0.0905","1.244","0.2935","0.2876","0.2935","0.1378","0.1406","0.1378","0.1406","0.57015","0.54155","0.5385535","0.527168436133448","0","0",NA,"0","0.375204086303711"
"140","8","50","25","erdos_renyi","ZIP","species","species_2","ZIPLN","StARS_0.8","2.1134","0.1014","0.3658","0.0717","0.0834","0.0851","0.0968","0.0717","0.0732","0.0886","0.0905","0.2834","0.2623","0.2876","0.2935","0.1191","0.1216","0.1378","0.1406","0.778775","0.6968","0.5386595","0.785656754513607","0.071","0.6","0.375","0.462","8.90719795227051"
"141","8","50","25","erdos_renyi","ZIP","species","species_2","ZIPLN","StARS_0.9","2.1156","0.1103","0.372","0.0831","0.0834","0.0851","0.0982","0.0856","0.0873","0.0886","0.0905","0.3067","0.2883","0.2876","0.2935","0.1349","0.1376","0.1378","0.1406","0.778775","0.6968","0.5386595","0.807474375384106","0.011","0.35","0.7","0.467","8.90719795227051"
"142","8","50","25","erdos_renyi","ZIP","species","species_2","ZIPLN","BIC","2.1158","0.1117","0.3714","0.0851","0.0834","0.0851","0.1117","0.0886","0.0905","0.0886","0.0905","0.3114","0.2935","0.2876","0.2935","0.1378","0.1406","0.1378","0.1406","0.778775","0.6968","0.5386595","0.81276671297639","0","0",NA,"0","0.757138967514038"
"143","8","50","25","erdos_renyi","ZIP","species","species_2","hmsc",NA,"2.1503","0.1705","0.6835","0.1041","0.0834","0.0851",NA,"0.0862","0.088","0.0886","0.0905","0.3861","0.3579","0.2876","0.2935","0.2834","0.2892","0.1378","0.1406","0.634025",NA,"0.5234","198.3591","0.3","0.45","0.097","0.159","54.2895441055298"
"144","8","50","25","erdos_renyi","ZIP","species","species_2","gllvm",NA,"1.4534","0.1638","0.7046","0.0851","0.0834","0.0851",NA,"0.0886","0.0905","0.0886","0.0905","0.7004","0.5346","0.2876","0.2935","0.7021","0.7165","0.1378","0.1406","0.554325",NA,"0.597858","219.8754","0","0",NA,"0","3.21187996864319"
"145","9","50","25","erdos_renyi","ZIP","species","species_2","PLN","StARS_0.8","1.4564","0.1446","0.6415","0.0682","0.0671","0.0685","0.1395","0.0751","0.0766","0.0746","0.0761","0.9132","0.2131","0.1749","0.1785","0.0936","0.0955","0.0933","0.0953","0.5113675","0.5297425","0.4948585","0.52369342068621","0.053","0.125","0.118","0.121","6.8508288860321"
"146","9","50","25","erdos_renyi","ZIP","species","species_2","PLN","StARS_0.9","1.4564","0.1449","0.642","0.0685","0.0671","0.0685","0.1442","0.0751","0.0766","0.0746","0.0761","0.9094","0.1957","0.1749","0.1785","0.0938","0.0957","0.0933","0.0953","0.5113675","0.5297425","0.4948585","0.52363484657327","0.018","0","0","0","6.8508288860321"
"147","9","50","25","erdos_renyi","ZIP","species","species_2","PLN","BIC","1.4566","0.1449","0.6423","0.0685","0.0671","0.0685","0.1449","0.0746","0.0761","0.0746","0.0761","0.9058","0.1785","0.1749","0.1785","0.0933","0.0953","0.0933","0.0953","0.5113675","0.5297425","0.4948585","0.534202016964707","0","0",NA,"0","0.244401931762695"
"148","9","50","25","erdos_renyi","ZIP","species","species_2","ZIPLN","StARS_0.8","1.801","0.081","0.2789","0.06","0.0671","0.0685","0.0736","0.0617","0.0629","0.0746","0.0761","0.1664","0.1413","0.1749","0.1785","0.0783","0.0799","0.0933","0.0953","0.807616","0.799282","0.618215","0.70766908314453","0.056","0.375","0.273","0.316","8.57249188423157"
"149","9","50","25","erdos_renyi","ZIP","species","species_2","ZIPLN","StARS_0.9","1.8009","0.0837","0.2851","0.0626","0.0671","0.0685","0.0752","0.0648","0.0661","0.0746","0.0761","0.1734","0.1499","0.1749","0.1785","0.0822","0.0839","0.0933","0.0953","0.807616","0.799282","0.618215","0.71368446520728","0.011","0.25","0.571","0.348","8.57249188423157"
"150","9","50","25","erdos_renyi","ZIP","species","species_2","ZIPLN","BIC","1.8008","0.0859","0.2892","0.0648","0.0671","0.0685","0.0744","0.068","0.0694","0.0746","0.0761","0.1811","0.1591","0.1749","0.1785","0.086","0.0878","0.0933","0.0953","0.807616","0.799282","0.618215","0.714978936624754","0","0.188","1","0.316","0.648397922515869"
"151","9","50","25","erdos_renyi","ZIP","species","species_2","hmsc",NA,"1.808","0.7997","3.6856","0.3166","0.0671","0.0685",NA,"0.0757","0.0773","0.0746","0.0761","0.4453","0.4399","0.1749","0.1785","0.4256","0.4343","0.0933","0.0953","0.566866",NA,"0.5735","227.6605","0.592","0.688","0.061","0.113","53.4267721176147"
"152","9","50","25","erdos_renyi","ZIP","species","species_2","gllvm",NA,"1.0589","0.1104","0.4382","0.0685","0.0671","0.0685",NA,"0.0746","0.0761","0.0746","0.0761","0.3786","0.325","0.1749","0.1785","0.6633","0.677","0.0933","0.0953","0.7147315",NA,"0.724463","241.2331","0","0",NA,"0","2.09162998199463"
"153","10","50","25","erdos_renyi","ZIP","species","species_2","PLN","StARS_0.8","1.65","0.1128","0.48","0.0604","0.0592","0.0604","0.1099","0.0855","0.0872","0.0835","0.0852","1.1018","0.2424","0.1789","0.1826","0.0916","0.0935","0.09","0.0919","0.4727395","0.4875125","0.560268","0.49713078663791","0.088","0","0","0","6.42080807685852"
"154","10","50","25","erdos_renyi","ZIP","species","species_2","PLN","StARS_0.9","1.6502","0.113","0.4811","0.0604","0.0592","0.0604","0.1112","0.084","0.0857","0.0835","0.0852","1.094","0.2028","0.1789","0.1826","0.0903","0.0922","0.09","0.0919","0.4727395","0.4875125","0.560268","0.499415574572463","0.042","0","0","0","6.42080807685852"
"155","10","50","25","erdos_renyi","ZIP","species","species_2","PLN","BIC","1.6502","0.113","0.4814","0.0604","0.0592","0.0604","0.113","0.0835","0.0852","0.0835","0.0852","1.0905","0.1826","0.1789","0.1826","0.09","0.0919","0.09","0.0919","0.4727395","0.4875125","0.560268","0.500242325120885","0","0",NA,"0","0.336477994918823"
"156","10","50","25","erdos_renyi","ZIP","species","species_2","ZIPLN","StARS_0.8","2.1685","0.0702","0.1975","0.0593","0.0592","0.0604","0.0811","0.0815","0.0832","0.0835","0.0852","0.2003","0.1727","0.1789","0.1826","0.0876","0.0894","0.09","0.0919","0.5895225","0.575152","0.516187","0.677389656219974","0.074","0.125","0.087","0.103","6.80527305603027"
"157","10","50","25","erdos_renyi","ZIP","species","species_2","ZIPLN","StARS_0.9","2.1712","0.0709","0.2018","0.0595","0.0592","0.0604","0.0748","0.0812","0.0829","0.0835","0.0852","0.1996","0.1729","0.1789","0.1826","0.0875","0.0893","0.09","0.0919","0.5895225","0.575152","0.516187","0.690713276082644","0.039","0.125","0.154","0.138","6.80527305603027"
"158","10","50","25","erdos_renyi","ZIP","species","species_2","ZIPLN","BIC","2.171","0.0718","0.2038","0.0604","0.0592","0.0604","0.0718","0.0835","0.0852","0.0835","0.0852","0.2077","0.1826","0.1789","0.1826","0.09","0.0919","0.09","0.0919","0.5895225","0.575152","0.516187","0.695060502916129","0","0",NA,"0","0.790553092956543"
"159","10","50","25","erdos_renyi","ZIP","species","species_2","hmsc",NA,"2.1","0.0829","0.2393","0.0691","0.0592","0.0604",NA,"0.087","0.0888","0.0835","0.0852","0.3087","0.2666","0.1789","0.1826","0.2155","0.2199","0.09","0.0919","0.4690535",NA,"0.4662","206.4866","0.137","0.125","0.049","0.07","52.87047290802"
"160","10","50","25","erdos_renyi","ZIP","species","species_2","gllvm",NA,"1.5921","0.1126","0.4793","0.0604","0.0592","0.0604",NA,"0.0835","0.0852","0.0835","0.0852","0.6177","0.5615","0.1789","0.1826","0.679","0.693","0.09","0.0919","0.539043",NA,"0.542662","212.5663","0","0",NA,"0","2.27947282791138"
"161","1","50","25","erdos_renyi","ZIP","species","species_3","PLN","StARS_0.8","2.0304","0.1566","0.7006","0.0714","0.0699","0.0713","0.1548","0.0871","0.0889","0.0806","0.0823","2.8965","0.8719","0.1954","0.1994","0.1113","0.1136","0.1041","0.1063","0.577611","0.5644745","0.6619435","0.430711239293934","0.131","0","0","0","12.0172979831696"
"162","1","50","25","erdos_renyi","ZIP","species","species_3","PLN","StARS_0.9","2.0303","0.1569","0.7021","0.0713","0.0699","0.0713","0.156","0.0832","0.0849","0.0806","0.0823","2.8238","0.5716","0.1954","0.1994","0.1067","0.1089","0.1041","0.1063","0.577611","0.5644745","0.6619435","0.431283514722323","0.06","0","0","0","12.0172979831696"
"163","1","50","25","erdos_renyi","ZIP","species","species_3","PLN","BIC","2.0303","0.157","0.7028","0.0713","0.0699","0.0713","0.157","0.0806","0.0823","0.0806","0.0823","2.7746","0.1994","0.1954","0.1994","0.1041","0.1063","0.1041","0.1063","0.577611","0.5644745","0.6619435","0.432245645365054","0","0",NA,"0","0.867386817932129"
"164","1","50","25","erdos_renyi","ZIP","species","species_3","ZIPLN","StARS_0.8","2.187","0.079","0.255","0.0616","0.0699","0.0713","0.0828","0.0674","0.0688","0.0806","0.0823","0.1848","0.169","0.1954","0.1994","0.0889","0.0907","0.1041","0.1063","0.8169525","0.792251","0.6453165","0.681254115921925","0.053","0.5","0.375","0.429","16.3028349876404"
"165","1","50","25","erdos_renyi","ZIP","species","species_3","ZIPLN","StARS_0.9","2.1887","0.0812","0.2577","0.0641","0.0699","0.0713","0.0792","0.0702","0.0716","0.0806","0.0823","0.1912","0.1762","0.1954","0.1994","0.0926","0.0945","0.1041","0.1063","0.8169525","0.792251","0.6453165","0.687083765826251","0.021","0.389","0.538","0.452","16.3028349876404"
"166","1","50","25","erdos_renyi","ZIP","species","species_3","ZIPLN","BIC","2.1928","0.0872","0.2609","0.0713","0.0699","0.0713","0.0872","0.0806","0.0823","0.0806","0.0823","0.2121","0.1994","0.1954","0.1994","0.1041","0.1063","0.1041","0.1063","0.8169525","0.792251","0.6453165","0.69711280322254","0","0",NA,"0","1.58802318572998"
"167","1","50","25","erdos_renyi","ZIP","species","species_3","hmsc",NA,"2.1336","0.18","0.6783","0.1207","0.0699","0.0713",NA,"0.0849","0.0867","0.0806","0.0823","0.2942","0.2713","0.1954","0.1994","0.2141","0.2185","0.1041","0.1063","0.5174215",NA,"0.562","157.5035","0.184","0.222","0.071","0.108","64.3779220581055"
"168","1","50","25","erdos_renyi","ZIP","species","species_3","gllvm",NA,"1.4936","0.1511","0.6697","0.0713","0.0699","0.0713",NA,"0.0806","0.0823","0.0806","0.0823","0.7917","0.7582","0.1954","0.1994","0.6836","0.6977","0.1041","0.1063","0.5876635",NA,"0.677544","175.2126","0","0",NA,"0","3.53292489051819"
"169","2","50","25","erdos_renyi","ZIP","species","species_3","PLN","StARS_0.8","2.5823","0.1328","0.6278","0.044","0.0431","0.044","0.132","0.0674","0.0688","0.0555","0.0566","4.9874","2.4359","0.1068","0.109","0.0874","0.0893","0.0636","0.0649","0.6026365","0.6089965","0.537022","0.398644438650806","0.122","0.083","0.028","0.042","10.561723947525"
"170","2","50","25","erdos_renyi","ZIP","species","species_3","PLN","StARS_0.9","2.5823","0.1328","0.6283","0.044","0.0431","0.044","0.1322","0.0657","0.0671","0.0555","0.0566","4.8919","2.225","0.1068","0.109","0.0826","0.0843","0.0636","0.0649","0.6026365","0.6089965","0.537022","0.398598566866975","0.101","0","0","0","10.561723947525"
"171","2","50","25","erdos_renyi","ZIP","species","species_3","PLN","BIC","2.5822","0.1332","0.6299","0.044","0.0431","0.044","0.1331","0.056","0.0571","0.0555","0.0566","4.3989","0.424","0.1068","0.109","0.0641","0.0654","0.0636","0.0649","0.6026365","0.6089965","0.537022","0.399194700379385","0.003","0","0","0","0.716048002243042"
"172","2","50","25","erdos_renyi","ZIP","species","species_3","ZIPLN","StARS_0.8","2.5073","0.0847","0.3818","0.0374","0.0431","0.044","0.092","0.0469","0.0479","0.0555","0.0566","0.1234","0.0905","0.1068","0.109","0.0551","0.0562","0.0636","0.0649","0.6784185","0.660983","0.591531","0.647007280144268","0.069","0.25","0.13","0.171","18.1130380630493"
"173","2","50","25","erdos_renyi","ZIP","species","species_3","ZIPLN","StARS_0.9","2.5081","0.0871","0.3921","0.0388","0.0431","0.044","0.0877","0.0482","0.0492","0.0555","0.0566","0.1269","0.0954","0.1068","0.109","0.0569","0.0581","0.0636","0.0649","0.6784185","0.660983","0.591531","0.657332200683827","0.01","0.167","0.4","0.235","18.1130380630493"
"174","2","50","25","erdos_renyi","ZIP","species","species_3","ZIPLN","BIC","2.5081","0.0891","0.401","0.0396","0.0431","0.044","0.0879","0.049","0.05","0.0555","0.0566","0.1279","0.0969","0.1068","0.109","0.0577","0.0589","0.0636","0.0649","0.6784185","0.660983","0.591531","0.659176635937143","0","0.083","1","0.154","1.32624197006226"
"175","2","50","25","erdos_renyi","ZIP","species","species_3","hmsc",NA,"2.4536","0.0471","0.0291","0.0477","0.0431","0.044",NA,"0.0595","0.0607","0.0555","0.0566","0.206","0.187","0.1068","0.109","0.162","0.1653","0.0636","0.0649","0.57344",NA,"0.5559","138.6211","0.059","0","0","0","63.7332270145416"
"176","2","50","25","erdos_renyi","ZIP","species","species_3","gllvm",NA,"1.7903","0.1296","0.6111","0.044","0.0431","0.044",NA,"0.0555","0.0566","0.0555","0.0566","0.9338","0.7809","0.1068","0.109","0.6907","0.7049","0.0636","0.0649","0.521976",NA,"0.575766","151.2712","0","0",NA,"0","3.0607430934906"
"177","3","50","25","erdos_renyi","ZIP","species","species_3","PLN","StARS_0.8","1.6305","0.1285","0.6138","0.0387","0.0379","0.0387","0.1268","0.0596","0.0608","0.0495","0.0505","2.8679","1.1411","0.1135","0.1158","0.0707","0.0721","0.0572","0.0584","0.5438875","0.614796","0.577373","0.401266452040043","0.103","0.222","0.062","0.098","12.540894985199"
"178","3","50","25","erdos_renyi","ZIP","species","species_3","PLN","StARS_0.9","1.6302","0.1287","0.6148","0.0387","0.0379","0.0387","0.1282","0.0561","0.0572","0.0495","0.0505","2.7961","0.938","0.1135","0.1158","0.0654","0.0667","0.0572","0.0584","0.5438875","0.614796","0.577373","0.398805436304355","0.041","0","0","0","12.540894985199"
"179","3","50","25","erdos_renyi","ZIP","species","species_3","PLN","BIC","1.6295","0.1289","0.6157","0.0387","0.0379","0.0387","0.1289","0.0495","0.0505","0.0495","0.0505","2.6429","0.1158","0.1135","0.1158","0.0572","0.0584","0.0572","0.0584","0.5438875","0.614796","0.577373","0.410838779119023","0","0",NA,"0","0.910323858261108"
"180","3","50","25","erdos_renyi","ZIP","species","species_3","ZIPLN","StARS_0.8","2.1355","0.2673","1.3249","0.036","0.0379","0.0387","0.2687","0.0441","0.045","0.0495","0.0505","0.1581","0.1021","0.1135","0.1158","0.0522","0.0533","0.0572","0.0584","0.583102","0.6188705","0.6109645","0.723771470048189","0.034","0.222","0.167","0.19","17.3499791622162"
"181","3","50","25","erdos_renyi","ZIP","species","species_3","ZIPLN","StARS_0.9","2.1354","0.2697","1.3367","0.0362","0.0379","0.0387","0.2702","0.0445","0.0454","0.0495","0.0505","0.1593","0.104","0.1135","0.1158","0.0526","0.0537","0.0572","0.0584","0.583102","0.6188705","0.6109645","0.72570250478132","0.014","0.222","0.333","0.267","17.3499791622162"
"182","3","50","25","erdos_renyi","ZIP","species","species_3","ZIPLN","BIC","2.1359","0.2715","1.3442","0.0387","0.0379","0.0387","0.2714","0.0495","0.0505","0.0495","0.0505","0.167","0.1158","0.1135","0.1158","0.0572","0.0584","0.0572","0.0584","0.583102","0.6188705","0.6109645","0.732203159473577","0","0",NA,"0","2.13138508796692"
"183","3","50","25","erdos_renyi","ZIP","species","species_3","hmsc",NA,"2.0351","0.0385","0.0325","0.0387","0.0379","0.0387",NA,"0.0495","0.0505","0.0495","0.0505","0.1802","0.1502","0.1135","0.1158","0.1135","0.1159","0.0572","0.0584","0.545062",NA,"0.5079","179.2907","0","0",NA,"0","66.3057239055634"
"184","3","50","25","erdos_renyi","ZIP","species","species_3","gllvm",NA,"5.9813","0.1532","0.7423","0.0387","0.0379","0.0387",NA,"0.0736","0.0751","0.0495","0.0505","163.2197","106.0571","0.1135","0.1158","0.6844","0.6985","0.0572","0.0584","0.5381675",NA,"0.699042","172.1308","0.021","0","0","0","2.75134420394897"
"185","4","50","25","erdos_renyi","ZIP","species","species_3","PLN","StARS_0.8","2.2203","0.1348","0.6059","0.0604","0.0591","0.0603","0.1326","0.0828","0.0845","0.0762","0.0778","2.3283","0.6977","0.1954","0.1994","0.0974","0.0994","0.0905","0.0923","0.630632","0.614521","0.5534895","0.42812531261504","0.094","0.083","0.036","0.05","11.9687149524689"
"186","4","50","25","erdos_renyi","ZIP","species","species_3","PLN","StARS_0.9","2.2203","0.135","0.6068","0.0604","0.0591","0.0603","0.1338","0.0808","0.0825","0.0762","0.0778","2.3035","0.6059","0.1954","0.1994","0.0951","0.097","0.0905","0.0923","0.630632","0.614521","0.5534895","0.4282201529447","0.049","0","0","0","11.9687149524689"
"187","4","50","25","erdos_renyi","ZIP","species","species_3","PLN","BIC","2.2201","0.1352","0.608","0.0603","0.0591","0.0603","0.1349","0.0771","0.0787","0.0762","0.0778","2.2477","0.3204","0.1954","0.1994","0.0912","0.0931","0.0905","0.0923","0.630632","0.614521","0.5534895","0.430705424827029","0.01","0","0","0","0.797546863555908"
"188","4","50","25","erdos_renyi","ZIP","species","species_3","ZIPLN","StARS_0.8","213.8434","7.3703","36.8506","0.0572","0.0591","0.0603","7.4326","0.0722","0.0737","0.0762","0.0778","0.2034","0.1705","0.1954","0.1994","0.0796","0.0812","0.0905","0.0923","0.597005","0.641392","0.511301","0.616499622179518","0.09","0.25","0.103","0.146","19.1071181297302"
"189","4","50","25","erdos_renyi","ZIP","species","species_3","ZIPLN","StARS_0.9","213.8434","6.7362","33.6798","0.0571","0.0591","0.0603","6.7915","0.0711","0.0726","0.0762","0.0778","0.2038","0.1714","0.1954","0.1994","0.0796","0.0813","0.0905","0.0923","0.597005","0.641392","0.511301","0.615915289175817","0.045","0.25","0.188","0.214","19.1071181297302"
"190","4","50","25","erdos_renyi","ZIP","species","species_3","ZIPLN","BIC","213.8434","6.1885","30.9413","0.0596","0.0591","0.0603","6.1964","0.0745","0.0761","0.0762","0.0778","0.2232","0.1953","0.1954","0.1994","0.0889","0.0907","0.0905","0.0923","0.597005","0.641392","0.511301","0.618940654938829","0","0.083","1","0.154","1.55995512008667"
"191","4","50","25","erdos_renyi","ZIP","species","species_3","hmsc",NA,"2.1722","0.0616","0.0866","0.0603","0.0591","0.0603",NA,"0.0748","0.0763","0.0762","0.0778","0.2722","0.2267","0.1954","0.1994","0.1652","0.1686","0.0905","0.0923","0.5641765",NA,"0.4198","180.7297","0.083","0.083","0.04","0.054","62.9452118873596"
"192","4","50","25","erdos_renyi","ZIP","species","species_3","gllvm",NA,"86.5048","0.1593","0.7395","0.0603","0.0591","0.0603",NA,"0.0911","0.0929","0.0762","0.0778","62.9237","52.0384","0.1954","0.1994","0.6994","0.7139","0.0905","0.0923","0.464654",NA,"0.4871525","200.9748","0.042","0","0","0","4.07833886146545"
"193","5","50","25","erdos_renyi","ZIP","species","species_3","PLN","StARS_0.8","1.9451","0.1266","0.5755","0.0539","0.0528","0.0539","0.1249","0.0789","0.0805","0.0718","0.0733","2.8288","0.928","0.1882","0.1921","0.0958","0.0978","0.0865","0.0883","0.4101775","0.5193945","0.436286","0.429510537888935","0.132","0.167","0.05","0.077","8.57230186462402"
"194","5","50","25","erdos_renyi","ZIP","species","species_3","PLN","StARS_0.9","1.9451","0.1269","0.5767","0.0539","0.0528","0.0539","0.1262","0.0754","0.0769","0.0718","0.0733","2.7578","0.6691","0.1882","0.1921","0.0903","0.0922","0.0865","0.0883","0.4101775","0.5193945","0.436286","0.417903997491384","0.052","0","0","0","8.57230186462402"
"195","5","50","25","erdos_renyi","ZIP","species","species_3","PLN","BIC","1.9451","0.1269","0.5772","0.0539","0.0528","0.0539","0.1267","0.0731","0.0746","0.0718","0.0733","2.7106","0.4236","0.1882","0.1921","0.0876","0.0895","0.0865","0.0883","0.4101775","0.5193945","0.436286","0.424108539596399","0.01","0","0","0","0.818914890289307"
"196","5","50","25","erdos_renyi","ZIP","species","species_3","ZIPLN","StARS_0.8","2.2465","0.1532","0.72","0.0532","0.0528","0.0539","0.1545","0.0715","0.073","0.0718","0.0733","0.2198","0.1873","0.1882","0.1921","0.0852","0.0869","0.0865","0.0883","0.561885","0.5026095","0.500552","0.61946323410849","0.08","0.25","0.115","0.158","16.5156869888306"
"197","5","50","25","erdos_renyi","ZIP","species","species_3","ZIPLN","StARS_0.9","2.2441","0.1537","0.7225","0.0533","0.0528","0.0539","0.1541","0.0712","0.0727","0.0718","0.0733","0.2189","0.1882","0.1882","0.1921","0.0848","0.0866","0.0865","0.0883","0.561885","0.5026095","0.500552","0.631227247290266","0.062","0.25","0.143","0.182","16.5156869888306"
"198","5","50","25","erdos_renyi","ZIP","species","species_3","ZIPLN","BIC","2.2431","0.1547","0.7272","0.0539","0.0528","0.0539","0.1547","0.0718","0.0733","0.0718","0.0733","0.2213","0.1921","0.1882","0.1921","0.0865","0.0883","0.0865","0.0883","0.561885","0.5026095","0.500552","0.63723194608774","0","0",NA,"0","1.40836095809937"
"199","5","50","25","erdos_renyi","ZIP","species","species_3","hmsc",NA,"2.213","0.101","0.3405","0.0761","0.0528","0.0539",NA,"0.081","0.0826","0.0718","0.0733","0.3157","0.2804","0.1882","0.1921","0.2249","0.2295","0.0865","0.0883","0.402598",NA,"0.4294","218.4836","0.184","0.083","0.019","0.03","66.8078050613403"
"200","5","50","25","erdos_renyi","ZIP","species","species_3","gllvm",NA,"1.4569","0.1157","0.5146","0.0539","0.0528","0.0539",NA,"0.0718","0.0733","0.0718","0.0733","0.906","0.8803","0.1882","0.1921","0.6729","0.6868","0.0865","0.0883","0.6523715",NA,"0.72741","224.4744","0","0",NA,"0","4.72854995727539"
"201","6","50","25","erdos_renyi","ZIP","species","species_3","PLN","StARS_0.8","1.8991","0.1234","0.5591","0.0533","0.0523","0.0534","0.1216","0.0823","0.084","0.0751","0.0766","3.0237","1.1191","0.2024","0.2066","0.1009","0.1029","0.0888","0.0906","0.5386875","0.505947","0.7008525","0.39473269480794","0.153","0.333","0.083","0.133","10.9916589260101"
"202","6","50","25","erdos_renyi","ZIP","species","species_3","PLN","StARS_0.9","1.899","0.1237","0.5608","0.0533","0.0523","0.0534","0.1229","0.078","0.0796","0.0751","0.0766","2.9147","0.7604","0.2024","0.2066","0.0924","0.0943","0.0888","0.0906","0.5386875","0.505947","0.7008525","0.394956233696513","0.059","0.167","0.105","0.129","10.9916589260101"
"203","6","50","25","erdos_renyi","ZIP","species","species_3","PLN","BIC","1.8989","0.124","0.562","0.0534","0.0523","0.0534","0.124","0.0751","0.0766","0.0751","0.0766","2.8251","0.2066","0.2024","0.2066","0.0888","0.0906","0.0888","0.0906","0.5386875","0.505947","0.7008525","0.399158317907302","0","0",NA,"0","1.27161002159119"
"204","6","50","25","erdos_renyi","ZIP","species","species_3","ZIPLN","StARS_0.8","2.1726","0.0718","0.256","0.0514","0.0523","0.0534","0.0718","0.0716","0.073","0.0751","0.0766","0.2778","0.1969","0.2024","0.2066","0.0844","0.0861","0.0888","0.0906","0.6746965","0.6504825","0.574007","0.617082872877372","0.038","0.333","0.267","0.296","13.3812611103058"
"205","6","50","25","erdos_renyi","ZIP","species","species_3","ZIPLN","StARS_0.9","2.1726","0.0734","0.2645","0.052","0.0523","0.0534","0.0726","0.0725","0.074","0.0751","0.0766","0.279","0.2005","0.2024","0.2066","0.086","0.0878","0.0888","0.0906","0.6746965","0.6504825","0.574007","0.617678506888554","0.014","0.167","0.333","0.222","13.3812611103058"
"206","6","50","25","erdos_renyi","ZIP","species","species_3","ZIPLN","BIC","2.1791","0.0745","0.2654","0.0534","0.0523","0.0534","0.0745","0.0751","0.0766","0.0751","0.0766","0.2834","0.2066","0.2024","0.2066","0.0888","0.0906","0.0888","0.0906","0.6746965","0.6504825","0.574007","0.622243062394628","0","0",NA,"0","1.37433314323425"
"207","6","50","25","erdos_renyi","ZIP","species","species_3","hmsc",NA,"2.1251","0.0532","0.0289","0.054","0.0523","0.0534",NA,"0.0758","0.0774","0.0751","0.0766","0.288","0.2279","0.2024","0.2066","0.1604","0.1637","0.0888","0.0906","0.655263",NA,"0.5683","193.6991","0.021","0","0","0","63.8423051834106"
"208","6","50","25","erdos_renyi","ZIP","species","species_3","gllvm",NA,"2.0535","0.1372","0.6343","0.0534","0.0523","0.0534",NA,"0.0751","0.0767","0.0751","0.0766","2.5486","1.6156","0.2024","0.2066","0.6796","0.6936","0.0888","0.0906","0.596431",NA,"0.602683","200.5218","0.003","0","0","0","4.35322284698486"
"209","7","50","25","erdos_renyi","ZIP","species","species_3","PLN","StARS_0.8","2.0591","0.1661","0.7431","0.0757","0.074","0.0755","0.1631","0.0843","0.086","0.0786","0.0803","1.7171","0.4182","0.1744","0.178","0.1072","0.1094","0.1028","0.1049","0.454352","0.493139","0.506018","0.450525743793417","0.122","0.095","0.056","0.07","4.94062209129333"
"210","7","50","25","erdos_renyi","ZIP","species","species_3","PLN","StARS_0.9","2.059","0.1664","0.745","0.0755","0.074","0.0755","0.1656","0.0802","0.0818","0.0786","0.0803","1.6905","0.2836","0.1744","0.178","0.1039","0.106","0.1028","0.1049","0.454352","0.493139","0.506018","0.451732899683944","0.022","0","0","0","4.94062209129333"
"211","7","50","25","erdos_renyi","ZIP","species","species_3","PLN","BIC","2.0583","0.1665","0.7456","0.0755","0.074","0.0755","0.1665","0.0786","0.0803","0.0786","0.0803","1.6761","0.178","0.1744","0.178","0.1028","0.1049","0.1028","0.1049","0.454352","0.493139","0.506018","0.451771477627775","0","0",NA,"0","0.314532995223999"
"212","7","50","25","erdos_renyi","ZIP","species","species_3","ZIPLN","StARS_0.8","2.2651","0.0923","0.3017","0.0713","0.074","0.0755","0.0934","0.075","0.0766","0.0786","0.0803","0.199","0.1691","0.1744","0.178","0.0963","0.0983","0.1028","0.1049","0.700011","0.7016145","0.492189","0.716270730210528","0.075","0.286","0.222","0.25","8.41524887084961"
"213","7","50","25","erdos_renyi","ZIP","species","species_3","ZIPLN","StARS_0.9","2.2579","0.0945","0.3125","0.0723","0.074","0.0755","0.0929","0.0748","0.0764","0.0786","0.0803","0.1972","0.1683","0.1744","0.178","0.0974","0.0994","0.1028","0.1049","0.700011","0.7016145","0.492189","0.722226754426171","0.057","0.19","0.2","0.195","8.41524887084961"
"214","7","50","25","erdos_renyi","ZIP","species","species_3","ZIPLN","BIC","2.2498","0.0974","0.3206","0.0748","0.074","0.0755","0.0957","0.0772","0.0788","0.0786","0.0803","0.1973","0.1719","0.1744","0.178","0.1009","0.103","0.1028","0.1049","0.700011","0.7016145","0.492189","0.733814124550486","0.007","0.048","0.333","0.083","0.666802883148193"
"215","7","50","25","erdos_renyi","ZIP","species","species_3","hmsc",NA,"2.1398","0.3519","1.5553","0.1679","0.074","0.0755",NA,"0.0804","0.0821","0.0786","0.0803","0.3552","0.3488","0.1744","0.178","0.3361","0.3431","0.1028","0.1049","0.59553",NA,"0.4864","163.3772","0.43","0.476","0.077","0.132","50.584958076477"
"216","7","50","25","erdos_renyi","ZIP","species","species_3","gllvm",NA,"1.627","0.1721","0.7767","0.0755","0.074","0.0755",NA,"0.0786","0.0803","0.0786","0.0803","0.7832","0.6908","0.1744","0.178","0.6954","0.7097","0.1028","0.1049","0.647647",NA,"0.4671135","175.0728","0","0",NA,"0","1.8277268409729"
"217","8","50","25","erdos_renyi","ZIP","species","species_3","PLN","StARS_0.8","2.3301","0.1506","0.6757","0.0679","0.0666","0.0679","0.1491","0.0884","0.0902","0.0828","0.0845","3.2839","1.074","0.1973","0.2014","0.1078","0.11","0.0998","0.1018","0.634925","0.668975","0.4728125","0.372543028756313","0.118","0.25","0.132","0.172","4.24034190177917"
"218","8","50","25","erdos_renyi","ZIP","species","species_3","PLN","StARS_0.9","2.3301","0.1509","0.677","0.0679","0.0666","0.0679","0.15","0.0858","0.0875","0.0828","0.0845","3.1969","0.7524","0.1973","0.2014","0.1032","0.1053","0.0998","0.1018","0.634925","0.668975","0.4728125","0.372898216667467","0.05","0.15","0.176","0.162","4.24034190177917"
"219","8","50","25","erdos_renyi","ZIP","species","species_3","PLN","BIC","2.33","0.151","0.6777","0.0679","0.0666","0.0679","0.151","0.0828","0.0845","0.0828","0.0845","3.117","0.2014","0.1973","0.2014","0.0998","0.1018","0.0998","0.1018","0.634925","0.668975","0.4728125","0.374076694642162","0","0",NA,"0","0.377908945083618"
"220","8","50","25","erdos_renyi","ZIP","species","species_3","ZIPLN","StARS_0.8","2.2864","0.0873","0.3163","0.0614","0.0666","0.0679","0.0908","0.0737","0.0752","0.0828","0.0845","0.2004","0.1705","0.1973","0.2014","0.0871","0.0889","0.0998","0.1018","0.6121","0.66455","0.696057","0.590149328919328","0.096","0.25","0.156","0.192","9.70689916610718"
"221","8","50","25","erdos_renyi","ZIP","species","species_3","ZIPLN","StARS_0.9","2.2941","0.0901","0.3241","0.0638","0.0666","0.0679","0.0867","0.0758","0.0774","0.0828","0.0845","0.2115","0.1837","0.1973","0.2014","0.0928","0.0947","0.0998","0.1018","0.6121","0.66455","0.696057","0.609133548648323","0.011","0.15","0.5","0.231","9.70689916610718"
"222","8","50","25","erdos_renyi","ZIP","species","species_3","ZIPLN","BIC","2.2941","0.0911","0.3251","0.0651","0.0666","0.0679","0.0881","0.0777","0.0793","0.0828","0.0845","0.2155","0.1885","0.1973","0.2014","0.0949","0.0969","0.0998","0.1018","0.6121","0.66455","0.696057","0.607148481543023","0","0.1","1","0.182","0.857381105422974"
"223","8","50","25","erdos_renyi","ZIP","species","species_3","hmsc",NA,"2.2163","0.1405","0.5552","0.0878","0.0666","0.0679",NA,"0.0813","0.083","0.0828","0.0845","0.3127","0.2814","0.1973","0.2014","0.2501","0.2553","0.0998","0.1018","0.458425",NA,"0.5046","180.665","0.236","0.25","0.07","0.11","49.524384021759"
"224","8","50","25","erdos_renyi","ZIP","species","species_3","gllvm",NA,"1.596","0.1362","0.5944","0.0679","0.0666","0.0679",NA,"0.0828","0.0845","0.0828","0.0845","0.8486","0.8025","0.1973","0.2014","0.6907","0.7049","0.0998","0.1018","0.57215",NA,"0.6440035","181.052","0","0",NA,"0","1.7058699131012"
"225","9","50","25","erdos_renyi","ZIP","species","species_3","PLN","StARS_0.8","2.1618","0.1506","0.6669","0.0715","0.0701","0.0715","0.1477","0.0844","0.0862","0.0825","0.0842","1.7058","0.3152","0.2337","0.2385","0.1152","0.1176","0.1146","0.1169","0.602978","0.5624815","0.506383","0.450818348678459","0.074","0.222","0.16","0.186","4.74392700195312"
"226","9","50","25","erdos_renyi","ZIP","species","species_3","PLN","StARS_0.9","2.1618","0.1508","0.6678","0.0715","0.0701","0.0715","0.1495","0.0833","0.085","0.0825","0.0842","1.6976","0.2652","0.2337","0.2385","0.1148","0.1172","0.1146","0.1169","0.602978","0.5624815","0.506383","0.451041949034161","0.032","0.056","0.1","0.071","4.74392700195312"
"227","9","50","25","erdos_renyi","ZIP","species","species_3","PLN","BIC","2.1617","0.1509","0.6683","0.0715","0.0701","0.0715","0.1509","0.0825","0.0842","0.0825","0.0842","1.6937","0.2385","0.2337","0.2385","0.1146","0.1169","0.1146","0.1169","0.602978","0.5624815","0.506383","0.451857171883105","0","0",NA,"0","0.338838815689087"
"228","9","50","25","erdos_renyi","ZIP","species","species_3","ZIPLN","StARS_0.8","2.2101","0.2805","1.3655","0.0652","0.0701","0.0715","0.2834","0.0742","0.0758","0.0825","0.0842","0.2182","0.1955","0.2337","0.2385","0.0986","0.1006","0.1146","0.1169","0.7076895","0.76517","0.5779325","0.664654607730915","0.103","0.389","0.194","0.259","9.77391195297241"
"229","9","50","25","erdos_renyi","ZIP","species","species_3","ZIPLN","StARS_0.9","2.2193","0.2693","1.3053","0.0673","0.0701","0.0715","0.269","0.0748","0.0764","0.0825","0.0842","0.2321","0.2118","0.2337","0.2385","0.1053","0.1075","0.1146","0.1169","0.7076895","0.76517","0.5779325","0.686484368380792","0.028","0.278","0.385","0.323","9.77391195297241"
"230","9","50","25","erdos_renyi","ZIP","species","species_3","ZIPLN","BIC","2.2256","0.2555","1.2286","0.0715","0.0701","0.0715","0.2556","0.0825","0.0842","0.0825","0.0842","0.2557","0.2385","0.2337","0.2385","0.1146","0.1169","0.1146","0.1169","0.7076895","0.76517","0.5779325","0.695592501272083","0","0",NA,"0","0.796818017959595"
"231","9","50","25","erdos_renyi","ZIP","species","species_3","hmsc",NA,"2.1729","0.0885","0.2333","0.0767","0.0701","0.0715",NA,"0.0836","0.0853","0.0825","0.0842","0.3642","0.3375","0.2337","0.2385","0.286","0.2919","0.1146","0.1169","0.513295",NA,"0.5531","193.6887","0.245","0.222","0.055","0.088","48.0131931304932"
"232","9","50","25","erdos_renyi","ZIP","species","species_3","gllvm",NA,"1.9353","0.1566","0.7005","0.0715","0.0701","0.0715",NA,"0.0825","0.0842","0.0825","0.0842","1.0171","0.8911","0.2337","0.2385","0.6571","0.6707","0.1146","0.1169","0.5859605",NA,"0.5385925","199.5682","0","0",NA,"0","1.37755608558655"
"233","10","50","25","erdos_renyi","ZIP","species","species_3","PLN","StARS_0.8","1.9576","0.1744","0.7521","0.0901","0.0884","0.0902","0.173","0.0953","0.0972","0.0954","0.0974","1.7329","0.2911","0.265","0.2705","0.136","0.1388","0.1362","0.139","0.553304","0.5505985","0.5207995","0.452131730009506","0.04","0.087","0.154","0.111","4.50193405151367"
"234","10","50","25","erdos_renyi","ZIP","species","species_3","PLN","StARS_0.9","1.9576","0.1745","0.7524","0.0902","0.0884","0.0902","0.1739","0.0954","0.0973","0.0954","0.0974","1.7302","0.2739","0.265","0.2705","0.1362","0.139","0.1362","0.139","0.553304","0.5505985","0.5207995","0.453794264340493","0.011","0.043","0.25","0.074","4.50193405151367"
"235","10","50","25","erdos_renyi","ZIP","species","species_3","PLN","BIC","1.9575","0.1745","0.7526","0.0902","0.0884","0.0902","0.1745","0.0954","0.0974","0.0954","0.0974","1.7297","0.2705","0.265","0.2705","0.1362","0.139","0.1362","0.139","0.553304","0.5505985","0.5207995","0.451266898753138","0","0",NA,"0","0.417442083358765"
"236","10","50","25","erdos_renyi","ZIP","species","species_3","ZIPLN","StARS_0.8","1.9574","0.1112","0.3571","0.087","0.0884","0.0902","0.1107","0.0905","0.0924","0.0954","0.0974","0.2579","0.2524","0.265","0.2705","0.1281","0.1307","0.1362","0.139","0.769683","0.8045615","0.613564","0.646499957623371","0.061","0.304","0.292","0.298","10.1136190891266"
"237","10","50","25","erdos_renyi","ZIP","species","species_3","ZIPLN","StARS_0.9","1.9575","0.1129","0.3612","0.0885","0.0884","0.0902","0.1049","0.0926","0.0945","0.0954","0.0974","0.2649","0.2599","0.265","0.2705","0.1316","0.1343","0.1362","0.139","0.769683","0.8045615","0.613564","0.653440472085222","0.032","0.261","0.4","0.316","10.1136190891266"
"238","10","50","25","erdos_renyi","ZIP","species","species_3","ZIPLN","BIC","1.9574","0.1144","0.363","0.0902","0.0884","0.0902","0.1144","0.0954","0.0974","0.0954","0.0974","0.2748","0.2705","0.265","0.2705","0.1362","0.139","0.1362","0.139","0.769683","0.8045615","0.613564","0.659684968701757","0","0",NA,"0","0.977599143981934"
"239","10","50","25","erdos_renyi","ZIP","species","species_3","hmsc",NA,"1.9462","0.0968","0.1733","0.0922","0.0884","0.0902",NA,"0.0955","0.0975","0.0954","0.0974","0.3735","0.35","0.265","0.2705","0.2806","0.2864","0.1362","0.139","0.63562",NA,"0.5909","197.8215","0.195","0.261","0.1","0.145","49.3596880435944"
"240","10","50","25","erdos_renyi","ZIP","species","species_3","gllvm",NA,"1.198","0.1617","0.6772","0.0902","0.0884","0.0902",NA,"0.0954","0.0974","0.0954","0.0974","0.6602","0.6216","0.265","0.2705","0.6857","0.6998","0.1362","0.139","0.6275815",NA,"0.559645","219.3441","0","0",NA,"0","2.18385696411133"
"241","1","50","25","erdos_renyi","ZIP","species","species_4","PLN","StARS_0.8","3.0389","0.1138","0.5235","0.0455","0.0443","0.0452","0.1126","0.0775","0.0791","0.0651","0.0665","2.9251","0.9792","0.1692","0.1727","0.0881","0.0899","0.0724","0.0739","0.5488125","0.5330625","0.5252625","0.434270277480269","0.127","0.25","0.051","0.085","3.60735082626343"
"242","1","50","25","erdos_renyi","ZIP","species","species_4","PLN","StARS_0.9","3.0388","0.114","0.5246","0.0454","0.0443","0.0452","0.1133","0.0732","0.0748","0.0651","0.0665","2.8515","0.7184","0.1692","0.1727","0.0816","0.0833","0.0724","0.0739","0.5488125","0.5330625","0.5252625","0.434794255402017","0.048","0.25","0.125","0.167","3.60735082626343"
"243","1","50","25","erdos_renyi","ZIP","species","species_4","PLN","BIC","3.0381","0.114","0.5253","0.0452","0.0443","0.0452","0.114","0.0651","0.0665","0.0651","0.0665","2.7681","0.1727","0.1692","0.1727","0.0724","0.0739","0.0724","0.0739","0.5488125","0.5330625","0.5252625","0.435177151657411","0","0",NA,"0","0.419631958007812"
"244","1","50","25","erdos_renyi","ZIP","species","species_4","ZIPLN","StARS_0.8","2.4779","0.0817","0.3081","0.0547","0.0443","0.0452","0.0919","0.0805","0.0822","0.0651","0.0665","0.247","0.2134","0.1692","0.1727","0.0953","0.0972","0.0724","0.0739","0.5249375","0.515125","0.510097","0.578519907273334","0.14","0","0","0","5.82257604598999"
"245","1","50","25","erdos_renyi","ZIP","species","species_4","ZIPLN","StARS_0.9","2.4798","0.0796","0.3185","0.0487","0.0443","0.0452","0.0886","0.0725","0.074","0.0651","0.0665","0.224","0.1865","0.1692","0.1727","0.0798","0.0815","0.0724","0.0739","0.5249375","0.515125","0.510097","0.591466403144371","0.072","0","0","0","5.82257604598999"
"246","1","50","25","erdos_renyi","ZIP","species","species_4","ZIPLN","BIC","2.4821","0.0797","0.3291","0.0459","0.0443","0.0452","0.0834","0.0672","0.0686","0.0651","0.0665","0.2143","0.1755","0.1692","0.1727","0.0739","0.0754","0.0724","0.0739","0.5249375","0.515125","0.510097","0.590857584679699","0.017","0","0","0","0.489196062088013"
"247","1","50","25","erdos_renyi","ZIP","species","species_4","hmsc",NA,"2.0657","0.3015","1.3414","0.1404","0.0443","0.0452",NA,"0.0768","0.0784","0.0651","0.0665","0.4109","0.3823","0.1692","0.1727","0.3496","0.3568","0.0724","0.0739","0.401125",NA,"0.3102","123.7539","0.452","0.375","0.022","0.042","71.9852900505066"
"248","1","50","25","erdos_renyi","ZIP","species","species_4","gllvm",NA,"28.4764","0.1427","0.6785","0.0452","0.0443","0.0452",NA,"0.0697","0.0712","0.0651","0.0665","375.7678","207.4612","0.1692","0.1727","0.7074","0.722","0.0724","0.0739",NA,NA,"0.554217","220.4766","0.01","0","0","0","6.35260987281799"
"249","2","50","25","erdos_renyi","ZIP","species","species_4","PLN","StARS_0.8","2.998","0.1394","0.6191","0.0654","0.064","0.0653","0.1377","0.0921","0.094","0.0851","0.0868","2.9628","0.9363","0.2691","0.2746","0.1243","0.1268","0.1155","0.1179","0.604386","0.550892","0.455622","0.373381836716672","0.139","0.083","0.024","0.038","7.73408389091492"
"250","2","50","25","erdos_renyi","ZIP","species","species_4","PLN","StARS_0.9","2.998","0.1397","0.6207","0.0654","0.064","0.0653","0.1388","0.088","0.0898","0.0851","0.0868","2.8873","0.6454","0.2691","0.2746","0.1185","0.1209","0.1155","0.1179","0.604386","0.550892","0.455622","0.373436763468308","0.073","0.083","0.045","0.059","7.73408389091492"
"251","2","50","25","erdos_renyi","ZIP","species","species_4","PLN","BIC","2.9978","0.1398","0.6214","0.0653","0.064","0.0653","0.1398","0.0851","0.0868","0.0851","0.0868","2.83","0.2746","0.2691","0.2746","0.1155","0.1179","0.1155","0.1179","0.604386","0.550892","0.455622","0.380967900413136","0","0",NA,"0","0.583406925201416"
"252","2","50","25","erdos_renyi","ZIP","species","species_4","ZIPLN","StARS_0.8","3.6371","0.1891","0.893","0.0635","0.064","0.0653","0.1943","0.0817","0.0834","0.0851","0.0868","0.2796","0.2375","0.2691","0.2746","0.1046","0.1067","0.1155","0.1179","0.6541285","0.6690005","0.6029675","0.596401746881651","0.115","0.417","0.132","0.2","17.6797931194305"
"253","2","50","25","erdos_renyi","ZIP","species","species_4","ZIPLN","StARS_0.9","3.6433","0.1849","0.8703","0.0636","0.064","0.0653","0.1868","0.0817","0.0834","0.0851","0.0868","0.2928","0.2539","0.2691","0.2746","0.1094","0.1117","0.1155","0.1179","0.6541285","0.6690005","0.6029675","0.616178359895966","0.038","0.333","0.267","0.296","17.6797931194305"
"254","2","50","25","erdos_renyi","ZIP","species","species_4","ZIPLN","BIC","3.6448","0.1816","0.8496","0.0653","0.064","0.0653","0.1817","0.0851","0.0868","0.0851","0.0868","0.3102","0.2746","0.2691","0.2746","0.1155","0.1179","0.1155","0.1179","0.6541285","0.6690005","0.6029675","0.618911662121915","0","0",NA,"0","1.63911819458008"
"255","2","50","25","erdos_renyi","ZIP","species","species_4","hmsc",NA,"2.1002","0.1228","0.4256","0.0904","0.064","0.0653",NA,"0.0934","0.0953","0.0851","0.0868","0.4075","0.3648","0.2691","0.2746","0.2719","0.2776","0.1155","0.1179","0.5279715",NA,"0.5959","207.4864","0.229","0.25","0.043","0.074","71.4980320930481"
"256","2","50","25","erdos_renyi","ZIP","species","species_4","gllvm",NA,"4.658","0.1527","0.6931","0.0653","0.064","0.0653",NA,"0.0851","0.0868","0.0851","0.0868","2.2999","2.1305","0.2691","0.2746","0.6817","0.6957","0.1155","0.1179","0.6608285",NA,"0.7387825","205.9031","0.003","0","0","0","4.67908310890198"
"257","3","50","25","erdos_renyi","ZIP","species","species_4","PLN","StARS_0.8","2.9707","0.1082","0.5109","0.0364","0.0356","0.0364","0.1067","0.0591","0.0603","0.0545","0.0556","2.5179","0.5271","0.1285","0.1311","0.066","0.0673","0.0606","0.0618","0.731678","0.6755495","0.6858605","0.418994086102236","0.096","0.111","0.034","0.053","8.44232702255249"
"258","3","50","25","erdos_renyi","ZIP","species","species_4","PLN","StARS_0.9","2.9706","0.1084","0.5118","0.0364","0.0356","0.0364","0.1078","0.0557","0.0568","0.0545","0.0556","2.4803","0.2871","0.1285","0.1311","0.0617","0.063","0.0606","0.0618","0.731678","0.6755495","0.6858605","0.420494398765925","0.041","0","0","0","8.44232702255249"
"259","3","50","25","erdos_renyi","ZIP","species","species_4","PLN","BIC","2.97","0.1084","0.512","0.0364","0.0356","0.0364","0.1084","0.0545","0.0556","0.0545","0.0556","2.4669","0.1311","0.1285","0.1311","0.0606","0.0618","0.0606","0.0618","0.731678","0.6755495","0.6858605","0.419369385738479","0","0",NA,"0","0.825951099395752"
"260","3","50","25","erdos_renyi","ZIP","species","species_4","ZIPLN","StARS_0.8","2.5258","0.1402","0.676","0.0379","0.0356","0.0364","0.1468","0.0576","0.0588","0.0545","0.0556","0.192","0.1375","0.1285","0.1311","0.0636","0.0649","0.0606","0.0618","0.570655","0.620496","0.593709","0.635995043670132","0.107","0.222","0.061","0.095","17.2985517978668"
"261","3","50","25","erdos_renyi","ZIP","species","species_4","ZIPLN","StARS_0.9","2.526","0.1409","0.6814","0.0366","0.0356","0.0364","0.1414","0.0551","0.0562","0.0545","0.0556","0.1887","0.1325","0.1285","0.1311","0.0611","0.0624","0.0606","0.0618","0.570655","0.620496","0.593709","0.639330472551753","0.017","0","0","0","17.2985517978668"
"262","3","50","25","erdos_renyi","ZIP","species","species_4","ZIPLN","BIC","2.526","0.1412","0.6834","0.0364","0.0356","0.0364","0.1412","0.0545","0.0556","0.0545","0.0556","0.1879","0.1311","0.1285","0.1311","0.0606","0.0618","0.0606","0.0618","0.570655","0.620496","0.593709","0.64103423455288","0","0",NA,"0","1.6618230342865"
"263","3","50","25","erdos_renyi","ZIP","species","species_4","hmsc",NA,"2.1736","0.0601","0.1924","0.0471","0.0356","0.0364",NA,"0.0622","0.0635","0.0545","0.0556","0.2671","0.2258","0.1285","0.1311","0.1922","0.1962","0.0606","0.0618","0.3342745",NA,"0.3868","199.1076","0.11","0","0","0","75.372220993042"
"264","3","50","25","erdos_renyi","ZIP","species","species_4","gllvm",NA,"1.6896","0.0948","0.4393","0.0364","0.0356","0.0364",NA,"0.0545","0.0556","0.0545","0.0556","0.8797","0.8592","0.1285","0.1311","0.682","0.696","0.0606","0.0618","0.553214",NA,"0.633377","199.4305","0","0",NA,"0","3.67753601074219"
"265","4","50","25","erdos_renyi","ZIP","species","species_4","PLN","StARS_0.8","2.887","0.1294","0.6019","0.0486","0.0476","0.0486","0.128","0.0669","0.0682","0.0651","0.0665","2.4078","0.299","0.1712","0.1747","0.0803","0.0819","0.0789","0.0805","0.487159","0.4998635","0.5700265","0.366465802519986","0.076","0.091","0.043","0.059","12.1850280761719"
"266","4","50","25","erdos_renyi","ZIP","species","species_4","PLN","StARS_0.9","2.887","0.1295","0.6024","0.0486","0.0476","0.0486","0.1294","0.0652","0.0665","0.0651","0.0665","2.3961","0.1759","0.1712","0.1747","0.0789","0.0805","0.0789","0.0805","0.487159","0.4998635","0.5700265","0.366636247624593","0.007","0","0","0","12.1850280761719"
"267","4","50","25","erdos_renyi","ZIP","species","species_4","PLN","BIC","2.8869","0.1295","0.6024","0.0486","0.0476","0.0486","0.1295","0.0651","0.0665","0.0651","0.0665","2.396","0.1747","0.1712","0.1747","0.0789","0.0805","0.0789","0.0805","0.487159","0.4998635","0.5700265","0.366858632228709","0","0",NA,"0","1.21847605705261"
"268","4","50","25","erdos_renyi","ZIP","species","species_4","ZIPLN","StARS_0.8","2.0877","0.1325","0.6157","0.0499","0.0476","0.0486","0.1444","0.0655","0.0668","0.0651","0.0665","0.2049","0.1675","0.1712","0.1747","0.0787","0.0803","0.0789","0.0805","0.6195975","0.629634","0.4994795","0.621368706533315","0.097","0.273","0.097","0.143","17.5738809108734"
"269","4","50","25","erdos_renyi","ZIP","species","species_4","ZIPLN","StARS_0.9","2.0904","0.1324","0.6183","0.0482","0.0476","0.0486","0.1354","0.0644","0.0658","0.0651","0.0665","0.209","0.1719","0.1712","0.1747","0.0781","0.0798","0.0789","0.0805","0.6195975","0.629634","0.4994795","0.64274650530105","0.021","0.273","0.333","0.3","17.5738809108734"
"270","4","50","25","erdos_renyi","ZIP","species","species_4","ZIPLN","BIC","2.0903","0.1327","0.6192","0.0486","0.0476","0.0486","0.1327","0.0651","0.0665","0.0651","0.0665","0.2113","0.1747","0.1712","0.1747","0.0789","0.0805","0.0789","0.0805","0.6195975","0.629634","0.4994795","0.650701206563841","0","0",NA,"0","1.34796214103699"
"271","4","50","25","erdos_renyi","ZIP","species","species_4","hmsc",NA,"1.9748","0.0885","0.2966","0.0671","0.0476","0.0486",NA,"0.0738","0.0753","0.0651","0.0665","0.3626","0.3388","0.1712","0.1747","0.3059","0.3122","0.0789","0.0805","0.597226",NA,"0.4094","156.2337","0.232","0.364","0.056","0.098","71.1198608875275"
"272","4","50","25","erdos_renyi","ZIP","species","species_4","gllvm",NA,"1.524","0.1361","0.6375","0.0486","0.0476","0.0486",NA,"0.0651","0.0665","0.0651","0.0665","1.569","1.5058","0.1712","0.1747","0.6924","0.7067","0.0789","0.0805","0.541956",NA,"0.4785265","160.5031","0","0",NA,"0","5.3938159942627"
"273","5","50","25","erdos_renyi","ZIP","species","species_4","PLN","StARS_0.8","2.1947","0.1884","0.8503","0.0827","0.081","0.0827","0.1866","0.0906","0.0924","0.0826","0.0843","3.1768","1.2733","0.1955","0.1995","0.1253","0.1279","0.1125","0.1148","0.441881","0.4804975","0.60215","0.36647191423292","0.134","0.083","0.051","0.063","9.72884607315063"
"274","5","50","25","erdos_renyi","ZIP","species","species_4","PLN","StARS_0.9","2.1946","0.1887","0.8522","0.0827","0.081","0.0827","0.1875","0.0866","0.0884","0.0826","0.0843","3.0577","0.9206","0.1955","0.1995","0.1177","0.1201","0.1125","0.1148","0.441881","0.4804975","0.60215","0.366596643611395","0.072","0","0","0","9.72884607315063"
"275","5","50","25","erdos_renyi","ZIP","species","species_4","PLN","BIC","2.1946","0.1889","0.8531","0.0827","0.081","0.0827","0.1888","0.0828","0.0846","0.0826","0.0843","2.9359","0.296","0.1955","0.1995","0.1127","0.115","0.1125","0.1148","0.441881","0.4804975","0.60215","0.366806836100108","0.004","0","0","0","0.798479080200195"
"276","5","50","25","erdos_renyi","ZIP","species","species_4","ZIPLN","StARS_0.8","2.1319","0.1144","0.4456","0.0732","0.081","0.0827","0.1101","0.0707","0.0721","0.0826","0.0843","0.193","0.1715","0.1955","0.1995","0.1007","0.1028","0.1125","0.1148","0.6007955","0.572757","0.583166","0.621820240104886","0.083","0.333","0.258","0.291","18.4608638286591"
"277","5","50","25","erdos_renyi","ZIP","species","species_4","ZIPLN","StARS_0.9","2.1305","0.1204","0.4647","0.0781","0.081","0.0827","0.1168","0.0753","0.0769","0.0826","0.0843","0.2026","0.183","0.1955","0.1995","0.1064","0.1086","0.1125","0.1148","0.6007955","0.572757","0.583166","0.632257926870972","0.007","0.083","0.5","0.143","18.4608638286591"
"278","5","50","25","erdos_renyi","ZIP","species","species_4","ZIPLN","BIC","2.1306","0.1243","0.471","0.0827","0.081","0.0827","0.1243","0.0826","0.0843","0.0826","0.0843","0.2171","0.1995","0.1955","0.1995","0.1125","0.1148","0.1125","0.1148","0.6007955","0.572757","0.583166","0.636831025049986","0","0",NA,"0","1.32422304153442"
"279","5","50","25","erdos_renyi","ZIP","species","species_4","hmsc",NA,"2.0997","0.0991","0.2868","0.0824","0.081","0.0827",NA,"0.0823","0.084","0.0826","0.0843","0.2334","0.2114","0.1955","0.1995","0.1571","0.1604","0.1125","0.1148","0.624272",NA,"0.6609","147.841","0.007","0.042","0.333","0.074","70.7704658508301"
"280","5","50","25","erdos_renyi","ZIP","species","species_4","gllvm",NA,"9.4074","0.1975","0.9007","0.0827","0.081","0.0827",NA,"0.0909","0.0928","0.0826","0.0843","285.5082","29.1416","0.1955","0.1995","0.7125","0.7272","0.1125","0.1148","0.6148635",NA,"0.5483655","176.2602","0.065","0.083","0.1","0.091","5.79445505142212"
"281","6","50","25","erdos_renyi","ZIP","species","species_4","PLN","StARS_0.8","3.1111","0.131","0.6083","0.0495","0.0483","0.0493","0.1299","0.0761","0.0777","0.0666","0.068","3.0282","0.8766","0.1763","0.18","0.0895","0.0913","0.0773","0.0789","0.693096","0.7278095","0.7317425","0.347636759672487","0.107","0.444","0.114","0.182","9.20578598976135"
"282","6","50","25","erdos_renyi","ZIP","species","species_4","PLN","StARS_0.9","3.111","0.1311","0.6092","0.0494","0.0483","0.0493","0.1307","0.0716","0.0731","0.0666","0.068","2.9566","0.5674","0.1763","0.18","0.0826","0.0843","0.0773","0.0789","0.693096","0.7278095","0.7317425","0.347253822538128","0.041","0.333","0.2","0.25","9.20578598976135"
"283","6","50","25","erdos_renyi","ZIP","species","species_4","PLN","BIC","3.111","0.1311","0.6096","0.0493","0.0483","0.0493","0.1311","0.0666","0.068","0.0666","0.068","2.9092","0.18","0.1763","0.18","0.0773","0.0789","0.0773","0.0789","0.693096","0.7278095","0.7317425","0.347251042575028","0","0",NA,"0","0.956684827804565"
"284","6","50","25","erdos_renyi","ZIP","species","species_4","ZIPLN","StARS_0.8","2.3428","0.126","0.5818","0.0493","0.0483","0.0493","0.1322","0.0656","0.067","0.0666","0.068","0.2121","0.1705","0.1763","0.18","0.077","0.0786","0.0773","0.0789","0.394762","0.3746915","0.522614","0.60165028425368","0.072","0.111","0.045","0.065","20.5882389545441"
"285","6","50","25","erdos_renyi","ZIP","species","species_4","ZIPLN","StARS_0.9","2.3412","0.1261","0.5858","0.0476","0.0483","0.0493","0.1292","0.0633","0.0646","0.0666","0.068","0.2111","0.1694","0.1763","0.18","0.0746","0.0761","0.0773","0.0789","0.394762","0.3746915","0.522614","0.60733854084923","0.031","0.111","0.1","0.105","20.5882389545441"
"286","6","50","25","erdos_renyi","ZIP","species","species_4","ZIPLN","BIC","2.3414","0.1266","0.5887","0.0475","0.0483","0.0493","0.127","0.0633","0.0647","0.0666","0.068","0.2141","0.173","0.1763","0.18","0.0745","0.0761","0.0773","0.0789","0.394762","0.3746915","0.522614","0.611098903873591","0.007","0.111","0.333","0.167","1.79257202148438"
"287","6","50","25","erdos_renyi","ZIP","species","species_4","hmsc",NA,"2.2584","0.0883","0.292","0.0676","0.0483","0.0493",NA,"0.076","0.0776","0.0666","0.068","0.3479","0.3154","0.1763","0.18","0.2629","0.2684","0.0773","0.0789","0.312828",NA,"0.4547","138.8068","0.22","0","0","0","75.0011501312256"
"288","6","50","25","erdos_renyi","ZIP","species","species_4","gllvm",NA,"2.8471","0.1478","0.6987","0.0493","0.0483","0.0493",NA,"0.0712","0.0726","0.0666","0.068","18.3935","8.6339","0.1763","0.18","0.6968","0.7111","0.0773","0.0789","0.559823",NA,"0.6766765","158.0759","0.01","0","0","0","3.24457406997681"
"289","7","50","25","erdos_renyi","ZIP","species","species_4","PLN","StARS_0.8","2.6054","0.1521","0.693","0.0639","0.0625","0.0638","0.1506","0.0834","0.0851","0.074","0.0755","3.9495","1.6766","0.1767","0.1804","0.1058","0.1079","0.0921","0.094","0.683179","0.5479155","0.514482","0.393343096396701","0.115","0.231","0.083","0.122","2.6085889339447"
"290","7","50","25","erdos_renyi","ZIP","species","species_4","PLN","StARS_0.9","2.6054","0.1523","0.6945","0.0638","0.0625","0.0638","0.1513","0.08","0.0817","0.074","0.0755","3.8542","1.4269","0.1767","0.1804","0.1","0.102","0.0921","0.094","0.683179","0.5479155","0.514482","0.393940070531105","0.059","0.154","0.105","0.125","2.6085889339447"
"291","7","50","25","erdos_renyi","ZIP","species","species_4","PLN","BIC","2.6046","0.1525","0.6955","0.0638","0.0625","0.0638","0.1524","0.0745","0.076","0.074","0.0755","3.6214","0.473","0.1767","0.1804","0.0925","0.0944","0.0921","0.094","0.683179","0.5479155","0.514482","0.388824695878832","0.003","0","0","0","0.253304958343506"
"292","7","50","25","erdos_renyi","ZIP","species","species_4","ZIPLN","StARS_0.8","2.1014","0.083","0.2849","0.0615","0.0625","0.0638","0.0966","0.0724","0.0739","0.074","0.0755","0.203","0.1741","0.1767","0.1804","0.0885","0.0903","0.0921","0.094","0.646941","0.6451855","0.565293","0.647727529461436","0.091","0.231","0.103","0.143","7.42137598991394"
"293","7","50","25","erdos_renyi","ZIP","species","species_4","ZIPLN","StARS_0.9","2.0997","0.0829","0.2908","0.0603","0.0625","0.0638","0.0876","0.07","0.0715","0.074","0.0755","0.203","0.1741","0.1767","0.1804","0.0876","0.0894","0.0921","0.094","0.646941","0.6451855","0.565293","0.660195091907116","0.031","0.154","0.182","0.167","7.42137598991394"
"294","7","50","25","erdos_renyi","ZIP","species","species_4","ZIPLN","BIC","2.0974","0.0857","0.2936","0.0638","0.0625","0.0638","0.0857","0.074","0.0755","0.074","0.0755","0.2083","0.1804","0.1767","0.1804","0.0921","0.094","0.0921","0.094","0.646941","0.6451855","0.565293","0.668040541358575","0","0",NA,"0","0.486168146133423"
"295","7","50","25","erdos_renyi","ZIP","species","species_4","hmsc",NA,"1.9388","0.082","0.1661","0.0765","0.0625","0.0638",NA,"0.0815","0.0832","0.074","0.0755","0.2866","0.2635","0.1767","0.1804","0.2132","0.2176","0.0921","0.094","0.477035",NA,"0.3925","179.4848","0.164","0.077","0.021","0.033","34.8709189891815"
"296","7","50","25","erdos_renyi","ZIP","species","species_4","gllvm",NA,"1.1288","0.1615","0.7447","0.0636","0.0625","0.0638",NA,"0.0848","0.0866","0.074","0.0755","8.6563","5.7434","0.1767","0.1804","0.6929","0.7071","0.0921","0.094","0.460171",NA,"0.502252","186.0448","0.021","0.077","0.143","0.1","2.12503814697266"
"297","8","50","25","erdos_renyi","ZIP","species","species_4","PLN","StARS_0.8","2.6526","0.1275","0.5799","0.0541","0.053","0.0541","0.1261","0.0769","0.0785","0.0716","0.0731","2.7662","0.8089","0.1943","0.1983","0.0989","0.1009","0.0906","0.0925","0.5017935","0.577274","0.6072235","0.427341141502281","0.094","0","0","0","5.50025105476379"
"298","8","50","25","erdos_renyi","ZIP","species","species_4","PLN","StARS_0.9","2.6525","0.1277","0.581","0.0541","0.053","0.0541","0.1271","0.0739","0.0754","0.0716","0.0731","2.7072","0.5643","0.1943","0.1983","0.0944","0.0964","0.0906","0.0925","0.5017935","0.577274","0.6072235","0.429356457157667","0.038","0","0","0","5.50025105476379"
"299","8","50","25","erdos_renyi","ZIP","species","species_4","PLN","BIC","2.6512","0.1278","0.5814","0.0541","0.053","0.0541","0.1278","0.0716","0.0731","0.0716","0.0731","2.6563","0.1983","0.1943","0.1983","0.0906","0.0925","0.0906","0.0925","0.5017935","0.577274","0.6072235","0.432944582574086","0","0",NA,"0","0.774142980575562"
"300","8","50","25","erdos_renyi","ZIP","species","species_4","ZIPLN","StARS_0.8","2.8481","0.2179","1.0518","0.0579","0.053","0.0541","0.2246","0.0771","0.0787","0.0716","0.0731","0.2459","0.2038","0.1943","0.1983","0.0953","0.0972","0.0906","0.0925","0.469937","0.48013","0.523946","0.657086471708318","0.084","0","0","0","8.37121391296387"
"301","8","50","25","erdos_renyi","ZIP","species","species_4","ZIPLN","StARS_0.9","2.8264","0.2187","1.0607","0.0542","0.053","0.0541","0.2204","0.072","0.0735","0.0716","0.0731","0.2419","0.1984","0.1943","0.1983","0.0907","0.0926","0.0906","0.0925","0.469937","0.48013","0.523946","0.681189417048264","0.024","0","0","0","8.37121391296387"
"302","8","50","25","erdos_renyi","ZIP","species","species_4","ZIPLN","BIC","2.8254","0.2194","1.0644","0.0541","0.053","0.0541","0.2192","0.0716","0.0731","0.0716","0.0731","0.2418","0.1983","0.1943","0.1983","0.0906","0.0925","0.0906","0.0925","0.469937","0.48013","0.523946","0.681946420464894","0","0",NA,"0","0.66691780090332"
"303","8","50","25","erdos_renyi","ZIP","species","species_4","hmsc",NA,"2.3004","0.0535","0.0354","0.0541","0.053","0.0541",NA,"0.0716","0.0731","0.0716","0.0731","0.2935","0.254","0.1943","0.1983","0.183","0.1868","0.0906","0.0925","0.4581695",NA,"0.4073","185.1216","0.003","0","0","0","56.0706009864807"
"304","8","50","25","erdos_renyi","ZIP","species","species_4","gllvm",NA,"11.9182","0.1566","0.7368","0.0541","0.053","0.0541",NA,"0.0716","0.0731","0.0716","0.0731","67.5613","21.0427","0.1943","0.1983","0.7243","0.7392","0.0906","0.0925","0.4502785",NA,"0.557452","201.1681","0.003","0","0","0","2.85164904594421"
"305","9","50","25","erdos_renyi","ZIP","species","species_4","PLN","StARS_0.8","2.5827","0.1161","0.5543","0.0352","0.0345","0.0352","0.1149","0.0575","0.0587","0.0508","0.0518","2.9117","0.7077","0.097","0.099","0.0617","0.063","0.054","0.0551","0.5317015","0.4926365","0.55165","0.354607079522418","0.093","0.111","0.036","0.054","3.74869704246521"
"306","9","50","25","erdos_renyi","ZIP","species","species_4","PLN","StARS_0.9","2.5827","0.1162","0.5548","0.0352","0.0345","0.0352","0.1154","0.0554","0.0565","0.0508","0.0518","2.8835","0.5748","0.097","0.099","0.0588","0.06","0.054","0.0551","0.5317015","0.4926365","0.55165","0.359256254351285","0.058","0","0","0","3.74869704246521"
"307","9","50","25","erdos_renyi","ZIP","species","species_4","PLN","BIC","2.5825","0.1163","0.5556","0.0352","0.0345","0.0352","0.1163","0.0508","0.0518","0.0508","0.0518","2.8296","0.099","0.097","0.099","0.054","0.0551","0.054","0.0551","0.5317015","0.4926365","0.55165","0.358236930817175","0","0",NA,"0","0.440059185028076"
"308","9","50","25","erdos_renyi","ZIP","species","species_4","ZIPLN","StARS_0.8","2.2099","0.1201","0.5791","0.0324","0.0345","0.0352","0.1237","0.0465","0.0475","0.0508","0.0518","0.1391","0.0906","0.097","0.099","0.0502","0.0512","0.054","0.0551","0.599972","0.61528","0.598375","0.616097610217973","0.062","0.222","0.1","0.138","9.68009090423584"
"309","9","50","25","erdos_renyi","ZIP","species","species_4","ZIPLN","StARS_0.9","2.2143","0.1201","0.5792","0.0325","0.0345","0.0352","0.1207","0.0465","0.0474","0.0508","0.0518","0.1394","0.091","0.097","0.099","0.0499","0.0509","0.054","0.0551","0.599972","0.61528","0.598375","0.624071934966444","0.014","0.111","0.2","0.143","9.68009090423584"
"310","9","50","25","erdos_renyi","ZIP","species","species_4","ZIPLN","BIC","2.2237","0.1211","0.5805","0.0352","0.0345","0.0352","0.1211","0.0508","0.0518","0.0508","0.0518","0.1448","0.099","0.097","0.099","0.054","0.0551","0.054","0.0551","0.599972","0.61528","0.598375","0.630502550376464","0","0",NA,"0","0.75556492805481"
"311","9","50","25","erdos_renyi","ZIP","species","species_4","hmsc",NA,"2.1354","0.0454","0.1126","0.0403","0.0345","0.0352",NA,"0.0557","0.0569","0.0508","0.0518","0.2055","0.1684","0.097","0.099","0.1435","0.1464","0.054","0.0551","0.599876",NA,"0.4054","182.9072","0.045","0.111","0.071","0.087","52.8533029556274"
"312","9","50","25","erdos_renyi","ZIP","species","species_4","gllvm",NA,"4.205","0.1344","0.6497","0.0352","0.0345","0.0352",NA,"0.0641","0.0654","0.0508","0.0518","19.6709","12.7728","0.097","0.099","0.683","0.6971","0.054","0.0551","0.442895",NA,"0.4726","181.816","0.014","0","0","0","2.41339612007141"
"313","10","50","25","erdos_renyi","ZIP","species","species_4","PLN","StARS_0.8","2.4206","0.1193","0.5484","0.0479","0.047","0.0479","0.1174","0.0749","0.0765","0.0674","0.0688","2.7679","1.0225","0.1339","0.1367","0.0825","0.0842","0.0709","0.0723","0.4105195","0.3574155","0.490273","0.394980861297204","0.116","0.067","0.029","0.041","3.65185809135437"
"314","10","50","25","erdos_renyi","ZIP","species","species_4","PLN","StARS_0.9","2.4202","0.1196","0.5498","0.0479","0.047","0.0479","0.1188","0.0713","0.0728","0.0674","0.0688","2.6964","0.8","0.1339","0.1367","0.0767","0.0783","0.0709","0.0723","0.4105195","0.3574155","0.490273","0.39819776607184","0.042","0","0","0","3.65185809135437"
"315","10","50","25","erdos_renyi","ZIP","species","species_4","PLN","BIC","2.4197","0.1196","0.5501","0.0479","0.047","0.0479","0.1194","0.0696","0.071","0.0674","0.0688","2.6459","0.6003","0.1339","0.1367","0.0738","0.0754","0.0709","0.0723","0.4105195","0.3574155","0.490273","0.396453125699612","0.007","0","0","0","0.30431604385376"
"316","10","50","25","erdos_renyi","ZIP","species","species_4","ZIPLN","StARS_0.8","2.527","0.0688","0.2536","0.0475","0.047","0.0479","0.0729","0.0664","0.0678","0.0674","0.0688","0.1593","0.1308","0.1339","0.1367","0.0701","0.0716","0.0709","0.0723","0.576758","0.5562905","0.461487","0.598655391302744","0.049","0.133","0.125","0.129","8.41082692146301"
"317","10","50","25","erdos_renyi","ZIP","species","species_4","ZIPLN","StARS_0.9","2.5341","0.0686","0.2556","0.0467","0.047","0.0479","0.0701","0.0645","0.0658","0.0674","0.0688","0.156","0.1272","0.1339","0.1367","0.0681","0.0695","0.0709","0.0723","0.576758","0.5562905","0.461487","0.602165671163997","0.025","0.133","0.222","0.167","8.41082692146301"
"318","10","50","25","erdos_renyi","ZIP","species","species_4","ZIPLN","BIC","2.5347","0.0697","0.2574","0.0479","0.047","0.0479","0.0697","0.0674","0.0688","0.0674","0.0688","0.1633","0.1367","0.1339","0.1367","0.0709","0.0723","0.0709","0.0723","0.576758","0.5562905","0.461487","0.607786291166123","0","0",NA,"0","0.700510025024414"
"319","10","50","25","erdos_renyi","ZIP","species","species_4","hmsc",NA,"2.4359","0.0471","0.0166","0.0479","0.047","0.0479",NA,"0.0674","0.0688","0.0674","0.0688","0.2234","0.178","0.1339","0.1367","0.1384","0.1412","0.0709","0.0723","0.5633555",NA,"0.4555","221.6093","0","0",NA,"0","52.9262928962708"
"320","10","50","25","erdos_renyi","ZIP","species","species_4","gllvm",NA,"1.8384","0.1011","0.4479","0.0479","0.047","0.0479",NA,"0.0674","0.0688","0.0674","0.0688","0.6819","0.6115","0.1339","0.1367","0.6799","0.6939","0.0709","0.0723","0.47839",NA,"0.3503935","222.0492","0","0",NA,"0","2.0011830329895"
