"","simu","n","p","omega_structure","distribution","zi_type","zi_config","method","criterion","B_rmse","omega_rmse","omega_rmse_diag","omega_rmse_offdiag","omega_rmse_empty","omega_rmse_empty_offdiag","omega_rmse_debiased","pcor_rmse","pcor_rmse_offdiag","pcor_rmse_empty","pcor_rmse_empty_offdiag","sigma_rmse","sigma_rmse_offdiag","sigma_rmse_empty","sigma_rmse_empty_offdiag","cor_rmse","cor_rmse_offdiag","cor_rmse_empty","cor_rmse_empty_offdiag","AUC","AUC.alt","Sigma_AUC","fit_rmse","fallout","recall","precision","f1_score","time"
"1","1","50","25","erdos_renyi","negative.binomial","species","species_1","PLN","StARS_0.8","0.6562","0.0766","0.2908","0.0509","0.0617","0.0629","0.0673","0.0577","0.0589","0.0804","0.0821","0.2174","0.1849","0.2608","0.2662","0.0819","0.0836","0.1102","0.1124","0.743035","0.787886","0.6026675","0.696578776407087","0.07","0.538","0.259","0.35","9.58250594139099"
"2","1","50","25","erdos_renyi","negative.binomial","species","species_1","PLN","StARS_0.9","0.6557","0.0794","0.2984","0.0534","0.0617","0.0629","0.0678","0.0604","0.0617","0.0804","0.0821","0.2329","0.2042","0.2608","0.2662","0.0892","0.091","0.1102","0.1124","0.743035","0.787886","0.6026675","0.702087133916828","0.035","0.538","0.412","0.467","9.58250594139099"
"3","1","50","25","erdos_renyi","negative.binomial","species","species_1","PLN","BIC","0.6575","0.086","0.3065","0.0616","0.0617","0.0629","0.0809","0.0769","0.0785","0.0804","0.0821","0.2785","0.2571","0.2608","0.2662","0.1075","0.1098","0.1102","0.1124","0.743035","0.787886","0.6026675","0.710500233294476","0","0.077","1","0.143","0.434079885482788"
"4","1","50","25","erdos_renyi","negative.binomial","species","species_1","ZIPLN","StARS_0.8","0.6831","0.0671","0.2403","0.0478","0.0617","0.0629","0.0666","0.0563","0.0574","0.0804","0.0821","0.2081","0.1933","0.2608","0.2662","0.0831","0.0849","0.1102","0.1124","0.8031005","0.858059","0.614539","0.714531851833394","0.073","0.692","0.3","0.419","7.91109204292297"
"5","1","50","25","erdos_renyi","negative.binomial","species","species_1","ZIPLN","StARS_0.9","0.6846","0.0745","0.2583","0.0548","0.0617","0.0629","0.0637","0.0647","0.0661","0.0804","0.0821","0.2385","0.2269","0.2608","0.2662","0.097","0.099","0.1102","0.1124","0.8031005","0.858059","0.614539","0.734591717155371","0.014","0.385","0.556","0.455","7.91109204292297"
"6","1","50","25","erdos_renyi","negative.binomial","species","species_1","ZIPLN","BIC","0.6857","0.0773","0.2629","0.0579","0.0617","0.0629","0.0671","0.0698","0.0713","0.0804","0.0821","0.2487","0.2379","0.2608","0.2662","0.1018","0.1039","0.1102","0.1124","0.8031005","0.858059","0.614539","0.738317759369734","0","0.231","1","0.375","0.715185165405273"
"7","1","50","25","erdos_renyi","negative.binomial","species","species_1","hmsc",NA,"0.552","0.086","0.2745","0.0675","0.0617","0.0629",NA,"0.0787","0.0803","0.0804","0.0821","0.3511","0.3027","0.2608","0.2662","0.2411","0.2461","0.1102","0.1124","0.594322",NA,"0.5895","62.4015","0.24","0.308","0.055","0.093","54.9955201148987"
"8","1","50","25","erdos_renyi","negative.binomial","species","species_1","gllvm",NA,"0.7695","0.0721","0.213","0.0593","0.0617","0.0629",NA,"0.0731","0.0746","0.0804","0.0821","0.2801","0.2569","0.2608","0.2662","0.1547","0.1578","0.1102","0.1124","0.738618",NA,"0.776107","82.2332","0.038","0.385","0.312","0.345","1.47977900505066"
"9","2","50","25","erdos_renyi","negative.binomial","species","species_1","PLN","StARS_0.8","0.6729","0.0865","0.3141","0.0606","0.0649","0.0662","0.0804","0.0595","0.0608","0.069","0.0704","0.1474","0.1056","0.1252","0.1278","0.0733","0.0748","0.0829","0.0846","0.586177","0.59001","0.5114835","0.761418270356634","0.032","0.167","0.25","0.2","10.1603660583496"
"10","2","50","25","erdos_renyi","negative.binomial","species","species_1","PLN","StARS_0.9","0.6703","0.0883","0.3183","0.0624","0.0649","0.0662","0.0799","0.0617","0.063","0.069","0.0704","0.1496","0.1109","0.1252","0.1278","0.0758","0.0774","0.0829","0.0846","0.586177","0.59001","0.5114835","0.765914654372611","0.011","0.167","0.5","0.25","10.1603660583496"
"11","2","50","25","erdos_renyi","negative.binomial","species","species_1","PLN","BIC","0.6647","0.0912","0.3205","0.0662","0.0649","0.0662","0.0912","0.069","0.0704","0.069","0.0704","0.1609","0.1278","0.1252","0.1278","0.0829","0.0846","0.0829","0.0846","0.586177","0.59001","0.5114835","0.772131697349755","0","0",NA,"0","0.427304983139038"
"12","2","50","25","erdos_renyi","negative.binomial","species","species_1","ZIPLN","StARS_0.8","0.7591","0.0828","0.3056","0.0571","0.0649","0.0662","0.0774","0.0564","0.0576","0.069","0.0704","0.1255","0.0995","0.1252","0.1278","0.0696","0.0711","0.0829","0.0846","0.624852","0.643183","0.547107","0.782947877233134","0.06","0.333","0.261","0.293","9.0717339515686"
"13","2","50","25","erdos_renyi","negative.binomial","species","species_1","ZIPLN","StARS_0.9","0.7584","0.0849","0.3124","0.0587","0.0649","0.0662","0.0786","0.0574","0.0585","0.069","0.0704","0.1251","0.1008","0.1252","0.1278","0.0706","0.0721","0.0829","0.0846","0.624852","0.643183","0.547107","0.790039210100962","0.025","0.167","0.3","0.214","9.0717339515686"
"14","2","50","25","erdos_renyi","negative.binomial","species","species_1","ZIPLN","BIC","0.7586","0.0871","0.3168","0.0609","0.0649","0.0662","0.0777","0.0599","0.0612","0.069","0.0704","0.129","0.1072","0.1252","0.1278","0.0737","0.0752","0.0829","0.0846","0.624852","0.643183","0.547107","0.794024003683945","0.004","0.167","0.75","0.273","0.687391996383667"
"15","2","50","25","erdos_renyi","negative.binomial","species","species_1","hmsc",NA,"0.6521","0.3044","1.3578","0.1404","0.0649","0.0662",NA,"0.0679","0.0693","0.069","0.0704","0.3082","0.3064","0.1252","0.1278","0.3","0.3062","0.0829","0.0846","0.577007",NA,"0.5514","42.8664","0.383","0.389","0.061","0.105","56.1734700202942"
"16","2","50","25","erdos_renyi","negative.binomial","species","species_1","gllvm",NA,"0.7514","0.09","0.3227","0.0641","0.0649","0.0662",NA,"0.0649","0.0662","0.069","0.0704","0.2131","0.2051","0.1252","0.1278","0.1655","0.1689","0.0829","0.0846","0.6239885",NA,"0.5608085","48.2231","0","0.111","1","0.2","2.00148701667786"
"17","3","50","25","erdos_renyi","negative.binomial","species","species_1","PLN","StARS_0.8","0.5517","0.0743","0.2616","0.0538","0.0525","0.0535","0.0739","0.0687","0.0701","0.0661","0.0675","0.1953","0.1386","0.1254","0.128","0.0786","0.0802","0.0761","0.0776","0.679829","0.6908955","0.5528875","0.704941522233286","0.049","0.067","0.067","0.067","9.92835712432861"
"18","3","50","25","erdos_renyi","negative.binomial","species","species_1","PLN","StARS_0.9","0.551","0.0747","0.2644","0.0539","0.0525","0.0535","0.0744","0.0675","0.0689","0.0661","0.0675","0.1893","0.1322","0.1254","0.128","0.0773","0.0789","0.0761","0.0776","0.679829","0.6908955","0.5528875","0.710997986233567","0.018","0","0","0","9.92835712432861"
"19","3","50","25","erdos_renyi","negative.binomial","species","species_1","PLN","BIC","0.5507","0.0747","0.2661","0.0535","0.0525","0.0535","0.0747","0.0661","0.0675","0.0661","0.0675","0.1852","0.128","0.1254","0.128","0.0761","0.0776","0.0761","0.0776","0.679829","0.6908955","0.5528875","0.714990997214368","0","0",NA,"0","0.405888080596924"
"20","3","50","25","erdos_renyi","negative.binomial","species","species_1","ZIPLN","StARS_0.8","0.5662","0.0687","0.24","0.0502","0.0525","0.0535","0.0827","0.0613","0.0626","0.0661","0.0675","0.1423","0.1184","0.1254","0.128","0.0709","0.0723","0.0761","0.0776","0.6920995","0.7138875","0.505783","0.765844766629974","0.067","0.2","0.136","0.162","10.5804200172424"
"21","3","50","25","erdos_renyi","negative.binomial","species","species_1","ZIPLN","StARS_0.9","0.5605","0.0695","0.2415","0.051","0.0525","0.0535","0.0673","0.0621","0.0634","0.0661","0.0675","0.1436","0.1212","0.1254","0.128","0.0722","0.0737","0.0761","0.0776","0.6920995","0.7138875","0.505783","0.778423861944447","0.014","0.2","0.429","0.273","10.5804200172424"
"22","3","50","25","erdos_renyi","negative.binomial","species","species_1","ZIPLN","BIC","0.5596","0.0712","0.2407","0.0535","0.0525","0.0535","0.0712","0.0661","0.0675","0.0661","0.0675","0.1485","0.128","0.1254","0.128","0.0761","0.0776","0.0761","0.0776","0.6920995","0.7138875","0.505783","0.784589891493479","0","0",NA,"0","1.20099115371704"
"23","3","50","25","erdos_renyi","negative.binomial","species","species_1","hmsc",NA,"0.573","0.0781","0.2024","0.0682","0.0525","0.0535",NA,"0.0738","0.0754","0.0661","0.0675","0.2363","0.2187","0.1254","0.128","0.1945","0.1985","0.0761","0.0776","0.626062",NA,"0.5637","46.7545","0.119","0.2","0.081","0.115","59.4848420619965"
"24","3","50","25","erdos_renyi","negative.binomial","species","species_1","gllvm",NA,"0.6587","0.0693","0.2272","0.0534","0.0525","0.0535",NA,"0.066","0.0674","0.0661","0.0675","0.2345","0.2193","0.1254","0.128","0.1584","0.1617","0.0761","0.0776","0.623379",NA,"0.5211925","47.4255","0.014","0.067","0.2","0.1","1.97616004943848"
"25","4","50","25","erdos_renyi","negative.binomial","species","species_1","PLN","StARS_0.8","0.8165","0.0627","0.2418","0.0407","0.0455","0.0465","0.0513","0.053","0.0541","0.0659","0.0672","0.2044","0.1328","0.1608","0.1641","0.06","0.0612","0.0725","0.074","0.6965","0.71095","0.55788","0.649276686029498","0.017","0.6","0.545","0.571","11.7407848834991"
"26","4","50","25","erdos_renyi","negative.binomial","species","species_1","PLN","StARS_0.9","0.8136","0.0656","0.2436","0.0448","0.0455","0.0465","0.0553","0.0617","0.0629","0.0659","0.0672","0.2159","0.1531","0.1608","0.1641","0.0686","0.07","0.0725","0.074","0.6965","0.71095","0.55788","0.653318504335619","0.007","0.4","0.667","0.5","11.7407848834991"
"27","4","50","25","erdos_renyi","negative.binomial","species","species_1","PLN","BIC","0.8099","0.0667","0.244","0.0465","0.0455","0.0465","0.0667","0.0659","0.0672","0.0659","0.0672","0.2219","0.1641","0.1608","0.1641","0.0725","0.074","0.0725","0.074","0.6965","0.71095","0.55788","0.656627786851799","0","0",NA,"0","0.664772033691406"
"28","4","50","25","erdos_renyi","negative.binomial","species","species_1","ZIPLN","StARS_0.8","0.8312","0.0581","0.2212","0.0384","0.0455","0.0465","0.0578","0.0521","0.0532","0.0659","0.0672","0.1763","0.1375","0.1608","0.1641","0.0591","0.0603","0.0725","0.074","0.73425","0.72045","0.55597","0.688633238641523","0.041","0.5","0.294","0.37","11.1765921115875"
"29","4","50","25","erdos_renyi","negative.binomial","species","species_1","ZIPLN","StARS_0.9","0.8325","0.0604","0.2251","0.041","0.0455","0.0465","0.0534","0.0559","0.0571","0.0659","0.0672","0.1819","0.1456","0.1608","0.1641","0.063","0.0643","0.0725","0.074","0.73425","0.72045","0.55597","0.693687570365234","0.007","0.4","0.667","0.5","11.1765921115875"
"30","4","50","25","erdos_renyi","negative.binomial","species","species_1","ZIPLN","BIC","0.8325","0.0604","0.2251","0.041","0.0455","0.0465","0.0534","0.0559","0.0571","0.0659","0.0672","0.1819","0.1456","0.1608","0.1641","0.063","0.0643","0.0725","0.074","0.73425","0.72045","0.55597","0.693687570365234","0.007","0.4","0.667","0.5","1.30673408508301"
"31","4","50","25","erdos_renyi","negative.binomial","species","species_1","hmsc",NA,"0.5364","0.0678","0.2189","0.0528","0.0455","0.0465",NA,"0.067","0.0684","0.0659","0.0672","0.2558","0.2053","0.1608","0.1641","0.1679","0.1714","0.0725","0.074","0.5331",NA,"0.5077","44.5432","0.121","0.2","0.054","0.085","56.6057488918304"
"32","4","50","25","erdos_renyi","negative.binomial","species","species_1","gllvm",NA,"0.8257","0.0586","0.1841","0.0465","0.0455","0.0465",NA,"0.066","0.0674","0.0659","0.0672","0.2697","0.2541","0.1608","0.1641","0.166","0.1694","0.0725","0.074","0.6501",NA,"0.67494","47.4389","0.017","0","0","0","2.43860077857971"
"33","5","50","25","erdos_renyi","negative.binomial","species","species_1","PLN","StARS_0.8","0.7814","0.0656","0.2313","0.0475","0.0533","0.0544","0.0583","0.0635","0.0648","0.0762","0.0778","0.254","0.2149","0.228","0.2327","0.087","0.0888","0.0963","0.0983","0.8368","0.8839","0.621378","0.652618764387959","0.059","0.5","0.227","0.312","11.2781209945679"
"34","5","50","25","erdos_renyi","negative.binomial","species","species_1","PLN","StARS_0.9","0.7754","0.0683","0.2348","0.0506","0.0533","0.0544","0.0606","0.0686","0.07","0.0762","0.0778","0.2582","0.2222","0.228","0.2327","0.0907","0.0926","0.0963","0.0983","0.8368","0.8839","0.621378","0.663809235434153","0.028","0.3","0.273","0.286","11.2781209945679"
"35","5","50","25","erdos_renyi","negative.binomial","species","species_1","PLN","BIC","0.7722","0.0715","0.2381","0.0544","0.0533","0.0544","0.0715","0.0762","0.0778","0.0762","0.0778","0.2669","0.2327","0.228","0.2327","0.0963","0.0983","0.0963","0.0983","0.8368","0.8839","0.621378","0.668245234854366","0","0",NA,"0","0.492640972137451"
"36","5","50","25","erdos_renyi","negative.binomial","species","species_1","ZIPLN","StARS_0.8","0.8827","0.0665","0.2481","0.0452","0.0533","0.0544","0.0667","0.0608","0.0621","0.0762","0.0778","0.2411","0.2078","0.228","0.2327","0.0829","0.0846","0.0963","0.0983","0.74195","0.71855","0.607425","0.705799118329463","0.062","0.6","0.25","0.353","9.4202778339386"
"37","5","50","25","erdos_renyi","negative.binomial","species","species_1","ZIPLN","StARS_0.9","0.8836","0.0693","0.2513","0.0488","0.0533","0.0544","0.0622","0.0656","0.067","0.0762","0.0778","0.2488","0.2172","0.228","0.2327","0.0881","0.0899","0.0963","0.0983","0.74195","0.71855","0.607425","0.717795892465667","0.014","0.4","0.5","0.444","9.4202778339386"
"38","5","50","25","erdos_renyi","negative.binomial","species","species_1","ZIPLN","BIC","0.8836","0.0693","0.2513","0.0488","0.0533","0.0544","0.0622","0.0656","0.067","0.0762","0.0778","0.2488","0.2172","0.228","0.2327","0.0881","0.0899","0.0963","0.0983","0.74195","0.71855","0.607425","0.717795892465667","0.014","0.4","0.5","0.444","0.832907915115356"
"39","5","50","25","erdos_renyi","negative.binomial","species","species_1","hmsc",NA,"0.7567","0.0534","0.0122","0.0544","0.0533","0.0544",NA,"0.0762","0.0778","0.0762","0.0778","0.318","0.2626","0.228","0.2327","0.1687","0.1722","0.0963","0.0983","0.58635",NA,"0.7068","53.4645","0.003","0","0","0","55.1661629676819"
"40","5","50","25","erdos_renyi","negative.binomial","species","species_1","gllvm",NA,"0.8594","0.0609","0.1638","0.0523","0.0533","0.0544",NA,"0.0716","0.0731","0.0762","0.0778","0.3104","0.2742","0.228","0.2327","0.1563","0.1595","0.0963","0.0983","0.54365",NA,"0.599209","61.1968","0.003","0.2","0.667","0.308","1.87660193443298"
"41","6","50","25","erdos_renyi","negative.binomial","species","species_1","PLN","StARS_0.8","0.6086","0.1127","0.4338","0.0734","0.0782","0.0798","0.0995","0.0701","0.0715","0.0815","0.0831","0.2003","0.1479","0.211","0.2153","0.0938","0.0957","0.1154","0.1177","0.8106605","0.8114615","0.6806105","0.719282886771854","0.057","0.476","0.385","0.426","10.5473129749298"
"42","6","50","25","erdos_renyi","negative.binomial","species","species_1","PLN","StARS_0.9","0.6039","0.1145","0.4374","0.0755","0.0782","0.0798","0.1075","0.0726","0.0741","0.0815","0.0831","0.213","0.1686","0.211","0.2153","0.1021","0.1042","0.1154","0.1177","0.8106605","0.8114615","0.6806105","0.727386697261613","0.018","0.238","0.5","0.323","10.5473129749298"
"43","6","50","25","erdos_renyi","negative.binomial","species","species_1","PLN","BIC","0.5976","0.1169","0.4421","0.078","0.0782","0.0798","0.1124","0.0767","0.0783","0.0815","0.0831","0.2315","0.1943","0.211","0.2153","0.1103","0.1126","0.1154","0.1177","0.8106605","0.8114615","0.6806105","0.731287444451952","0","0.095","1","0.174","0.535084962844849"
"44","6","50","25","erdos_renyi","negative.binomial","species","species_1","ZIPLN","StARS_0.8","0.6525","0.1034","0.3968","0.0676","0.0782","0.0798","0.0907","0.0647","0.0661","0.0815","0.0831","0.1585","0.1393","0.211","0.2153","0.0857","0.0874","0.1154","0.1177","0.8119745","0.771333","0.6435955","0.762927294259773","0.039","0.524","0.5","0.512","11.6336171627045"
"45","6","50","25","erdos_renyi","negative.binomial","species","species_1","ZIPLN","StARS_0.9","0.6513","0.1076","0.404","0.0726","0.0782","0.0798","0.0942","0.0704","0.0718","0.0815","0.0831","0.1745","0.1605","0.211","0.2153","0.0964","0.0984","0.1154","0.1177","0.8119745","0.771333","0.6435955","0.772326354200618","0.018","0.381","0.615","0.471","11.6336171627045"
"46","6","50","25","erdos_renyi","negative.binomial","species","species_1","ZIPLN","BIC","0.6483","0.1101","0.4088","0.0753","0.0782","0.0798","0.1026","0.0734","0.0749","0.0815","0.0831","0.1906","0.1801","0.211","0.2153","0.1043","0.1065","0.1154","0.1177","0.8119745","0.771333","0.6435955","0.779340835420858","0.007","0.19","0.667","0.296","1.24465012550354"
"47","6","50","25","erdos_renyi","negative.binomial","species","species_1","hmsc",NA,"0.4134","0.1302","0.4892","0.0877","0.0782","0.0798",NA,"0.0788","0.0804","0.0815","0.0831","0.2924","0.2741","0.211","0.2153","0.2699","0.2755","0.1154","0.1177","0.561439",NA,"0.5162","38.8658","0.337","0.429","0.087","0.145","54.7110731601715"
"48","6","50","25","erdos_renyi","negative.binomial","species","species_1","gllvm",NA,"0.6509","0.1019","0.3576","0.074","0.0782","0.0798",NA,"0.0711","0.0726","0.0815","0.0831","0.2325","0.2302","0.211","0.2153","0.1675","0.171","0.1154","0.1177","0.767375",NA,"0.749041","59.7754","0.057","0.381","0.333","0.356","2.05737209320068"
"49","7","50","25","erdos_renyi","negative.binomial","species","species_1","PLN","StARS_0.8","0.6108","0.0793","0.2963","0.0538","0.0579","0.0591","0.0686","0.0641","0.0654","0.0782","0.0798","0.2375","0.1563","0.1964","0.2004","0.0715","0.073","0.0855","0.0873","0.8826","0.91435","0.649713","0.654421999082479","0.021","0.7","0.538","0.609","8.82389092445374"
"50","7","50","25","erdos_renyi","negative.binomial","species","species_1","PLN","StARS_0.9","0.6081","0.0813","0.2982","0.0565","0.0579","0.0591","0.0757","0.07","0.0715","0.0782","0.0798","0.2452","0.1713","0.1964","0.2004","0.0777","0.0793","0.0855","0.0873","0.8826","0.91435","0.649713","0.662307444137311","0.003","0.3","0.75","0.429","8.82389092445374"
"51","7","50","25","erdos_renyi","negative.binomial","species","species_1","PLN","BIC","0.6027","0.0833","0.2994","0.0591","0.0579","0.0591","0.0833","0.0782","0.0798","0.0782","0.0798","0.2639","0.2004","0.1964","0.2004","0.0855","0.0873","0.0855","0.0873","0.8826","0.91435","0.649713","0.666893587658068","0","0",NA,"0","0.398277044296265"
"52","7","50","25","erdos_renyi","negative.binomial","species","species_1","ZIPLN","StARS_0.8","0.7242","0.0667","0.2003","0.0544","0.0579","0.0591","0.0638","0.0697","0.0711","0.0782","0.0798","0.2228","0.1823","0.1964","0.2004","0.0751","0.0766","0.0855","0.0873","0.8782","0.8744","0.64318","0.680747743979677","0.028","0.5","0.385","0.435","9.36202597618103"
"53","7","50","25","erdos_renyi","negative.binomial","species","species_1","ZIPLN","StARS_0.9","0.7202","0.0684","0.2043","0.056","0.0579","0.0591","0.0625","0.0716","0.0731","0.0782","0.0798","0.2244","0.186","0.1964","0.2004","0.0781","0.0797","0.0855","0.0873","0.8782","0.8744","0.64318","0.689087539293674","0.01","0.4","0.571","0.471","9.36202597618103"
"54","7","50","25","erdos_renyi","negative.binomial","species","species_1","ZIPLN","BIC","0.7205","0.07","0.2063","0.0577","0.0579","0.0591","0.0656","0.0748","0.0763","0.0782","0.0798","0.2289","0.1921","0.1964","0.2004","0.0817","0.0834","0.0855","0.0873","0.8782","0.8744","0.64318","0.693441217197692","0","0.2","1","0.333","0.783489942550659"
"55","7","50","25","erdos_renyi","negative.binomial","species","species_1","hmsc",NA,"0.5321","0.0581","0.0211","0.0591","0.0579","0.0591",NA,"0.0782","0.0798","0.0782","0.0798","0.2844","0.2283","0.1964","0.2004","0.1603","0.1636","0.0855","0.0873","0.51205",NA,"0.3984","55.7378","0.003","0","0","0","47.6053469181061"
"56","7","50","25","erdos_renyi","negative.binomial","species","species_1","gllvm",NA,"0.6898","0.0767","0.2572","0.0581","0.0579","0.0591",NA,"0.0763","0.0779","0.0782","0.0798","0.3448","0.3266","0.1964","0.2004","0.189","0.1929","0.0855","0.0873","0.7204",NA,"0.7183545","55.7726","0.028","0.1","0.111","0.105","1.47654390335083"
"57","8","50","25","erdos_renyi","negative.binomial","species","species_1","PLN","StARS_0.8","0.7988","0.0943","0.3767","0.058","0.0664","0.0677","0.0825","0.0612","0.0625","0.0802","0.0819","0.194","0.15","0.2027","0.2069","0.0819","0.0836","0.1043","0.1064","0.797073","0.7994095","0.644482","0.675800641492346","0.046","0.444","0.381","0.41","12.1759688854218"
"58","8","50","25","erdos_renyi","negative.binomial","species","species_1","PLN","StARS_0.9","0.7971","0.097","0.3816","0.0611","0.0664","0.0677","0.0851","0.0662","0.0675","0.0802","0.0819","0.2029","0.1644","0.2027","0.2069","0.0889","0.0908","0.1043","0.1064","0.797073","0.7994095","0.644482","0.680102332914655","0.014","0.333","0.6","0.429","12.1759688854218"
"59","8","50","25","erdos_renyi","negative.binomial","species","species_1","PLN","BIC","0.7952","0.0994","0.384","0.0644","0.0664","0.0677","0.0906","0.0726","0.0741","0.0802","0.0819","0.2172","0.184","0.2027","0.2069","0.0969","0.0989","0.1043","0.1064","0.797073","0.7994095","0.644482","0.684411718415807","0","0.222","1","0.364","0.593043804168701"
"60","8","50","25","erdos_renyi","negative.binomial","species","species_1","ZIPLN","StARS_0.8","0.8214","0.1398","0.6405","0.0571","0.0664","0.0677","0.1348","0.0622","0.0635","0.0802","0.0819","0.1887","0.1545","0.2027","0.2069","0.0823","0.084","0.1043","0.1064","0.801069","0.7929865","0.6448365","0.737911548972662","0.021","0.333","0.5","0.4","10.598531961441"
"61","8","50","25","erdos_renyi","negative.binomial","species","species_1","ZIPLN","StARS_0.9","0.8185","0.1402","0.6376","0.0595","0.0664","0.0677","0.1328","0.0648","0.0661","0.0802","0.0819","0.1943","0.1632","0.2027","0.2069","0.0873","0.0891","0.1043","0.1064","0.801069","0.7929865","0.6448365","0.741256269666378","0.007","0.333","0.75","0.462","10.598531961441"
"62","8","50","25","erdos_renyi","negative.binomial","species","species_1","ZIPLN","BIC","0.8214","0.1398","0.6405","0.0571","0.0664","0.0677","0.1348","0.0622","0.0635","0.0802","0.0819","0.1887","0.1545","0.2027","0.2069","0.0823","0.084","0.1043","0.1064","0.801069","0.7929865","0.6448365","0.737911548972662","0.021","0.333","0.5","0.4","1.30434703826904"
"63","8","50","25","erdos_renyi","negative.binomial","species","species_1","hmsc",NA,"0.5799","0.0705","0.119","0.0677","0.0664","0.0677",NA,"0.0802","0.0819","0.0802","0.0819","0.2614","0.225","0.2027","0.2069","0.1522","0.1554","0.1043","0.1064","0.5451605",NA,"0.5717","37.8924","0","0",NA,"0","46.1579999923706"
"64","8","50","25","erdos_renyi","negative.binomial","species","species_1","gllvm",NA,"0.7405","0.0771","0.2279","0.0634","0.0664","0.0677",NA,"0.0731","0.0746","0.0802","0.0819","0.2692","0.2558","0.2027","0.2069","0.1625","0.1658","0.1043","0.1064","0.656695",NA,"0.58484","42.3453","0.043","0.222","0.25","0.235","1.28881883621216"
"65","9","50","25","erdos_renyi","negative.binomial","species","species_1","PLN","StARS_0.8","0.5768","0.1029","0.3684","0.0732","0.0807","0.0824","0.0921","0.0719","0.0734","0.0906","0.0925","0.2083","0.1614","0.2162","0.2206","0.0885","0.0903","0.1079","0.1101","0.8424605","0.854285","0.5451655","0.687041115267824","0.053","0.412","0.318","0.359","8.23158597946167"
"66","9","50","25","erdos_renyi","negative.binomial","species","species_1","PLN","StARS_0.9","0.5719","0.1056","0.3728","0.0763","0.0807","0.0824","0.0936","0.0768","0.0784","0.0906","0.0925","0.2185","0.1776","0.2162","0.2206","0.0952","0.0972","0.1079","0.1101","0.8424605","0.854285","0.5451655","0.69519111575764","0.014","0.353","0.6","0.444","8.23158597946167"
"67","9","50","25","erdos_renyi","negative.binomial","species","species_1","PLN","BIC","0.5693","0.1104","0.3768","0.0824","0.0807","0.0824","0.1104","0.0906","0.0925","0.0906","0.0925","0.2518","0.2206","0.2162","0.2206","0.1079","0.1101","0.1079","0.1101","0.8424605","0.854285","0.5451655","0.704843514134503","0","0",NA,"0","0.302129983901978"
"68","9","50","25","erdos_renyi","negative.binomial","species","species_1","ZIPLN","StARS_0.8","0.635","0.1015","0.3715","0.0706","0.0807","0.0824","0.0977","0.0712","0.0727","0.0906","0.0925","0.1995","0.1708","0.2162","0.2206","0.0898","0.0916","0.1079","0.1101","0.8397995","0.874289","0.611193","0.739299222982872","0.064","0.412","0.28","0.333","8.05278396606445"
"69","9","50","25","erdos_renyi","negative.binomial","species","species_1","ZIPLN","StARS_0.9","0.6261","0.104","0.3765","0.0732","0.0807","0.0824","0.0965","0.0741","0.0756","0.0906","0.0925","0.205","0.1787","0.2162","0.2206","0.0931","0.095","0.1079","0.1101","0.8397995","0.874289","0.611193","0.748744569995965","0.018","0.294","0.5","0.37","8.05278396606445"
"70","9","50","25","erdos_renyi","negative.binomial","species","species_1","ZIPLN","BIC","0.6222","0.1071","0.3802","0.0769","0.0807","0.0824","0.0978","0.0798","0.0814","0.0906","0.0925","0.2158","0.1919","0.2162","0.2206","0.0988","0.1008","0.1079","0.1101","0.8397995","0.874289","0.611193","0.754550582308196","0.004","0.235","0.8","0.364","1.15941905975342"
"71","9","50","25","erdos_renyi","negative.binomial","species","species_1","hmsc",NA,"0.5841","0.0818","0.1152","0.0801","0.0807","0.0824",NA,"0.0883","0.0901","0.0906","0.0925","0.3089","0.2744","0.2162","0.2206","0.2243","0.2289","0.1079","0.1101","0.604251",NA,"0.5771","68.8489","0.124","0.235","0.103","0.143","47.4165458679199"
"72","9","50","25","erdos_renyi","negative.binomial","species","species_1","gllvm",NA,"0.6121","0.1019","0.3258","0.0799","0.0807","0.0824",NA,"0.0866","0.0884","0.0906","0.0925","0.3104","0.3025","0.2162","0.2206","0.1879","0.1917","0.1079","0.1101","0.661687",NA,"0.5694405","123.9225","0.064","0.176","0.143","0.158","0.930482149124146"
"73","10","50","25","erdos_renyi","negative.binomial","species","species_1","PLN","StARS_0.8","0.6261","0.0854","0.3012","0.0618","0.0641","0.0654","0.0788","0.0728","0.0743","0.0811","0.0828","0.2192","0.1555","0.1762","0.1798","0.0857","0.0875","0.0944","0.0963","0.6321185","0.628329","0.5877055","0.671911346630189","0.043","0.278","0.294","0.286","9.52700877189636"
"74","10","50","25","erdos_renyi","negative.binomial","species","species_1","PLN","StARS_0.9","0.6219","0.087","0.3034","0.0636","0.0641","0.0654","0.0802","0.0766","0.0781","0.0811","0.0828","0.2241","0.1673","0.1762","0.1798","0.0902","0.0921","0.0944","0.0963","0.6321185","0.628329","0.5877055","0.67878683051898","0.007","0.222","0.667","0.333","9.52700877189636"
"75","10","50","25","erdos_renyi","negative.binomial","species","species_1","PLN","BIC","0.6211","0.0884","0.3047","0.0654","0.0641","0.0654","0.0884","0.0811","0.0828","0.0811","0.0828","0.2332","0.1798","0.1762","0.1798","0.0944","0.0963","0.0944","0.0963","0.6321185","0.628329","0.5877055","0.67785806146711","0","0",NA,"0","0.383369922637939"
"76","10","50","25","erdos_renyi","negative.binomial","species","species_1","ZIPLN","StARS_0.8","0.6641","0.0947","0.3626","0.0621","0.0641","0.0654","0.0893","0.0757","0.0773","0.0811","0.0828","0.1937","0.1649","0.1762","0.1798","0.0871","0.0889","0.0944","0.0963","0.6303855","0.633717","0.5408225","0.72974638259328","0.035","0.222","0.286","0.25","7.25334906578064"
"77","10","50","25","erdos_renyi","negative.binomial","species","species_1","ZIPLN","StARS_0.9","0.663","0.0963","0.364","0.0643","0.0641","0.0654","0.0924","0.0791","0.0807","0.0811","0.0828","0.2001","0.174","0.1762","0.1798","0.0916","0.0935","0.0944","0.0963","0.6303855","0.633717","0.5408225","0.733675304248872","0.007","0.111","0.5","0.182","7.25334906578064"
"78","10","50","25","erdos_renyi","negative.binomial","species","species_1","ZIPLN","BIC","0.6622","0.097","0.364","0.0654","0.0641","0.0654","0.097","0.0811","0.0828","0.0811","0.0828","0.2041","0.1798","0.1762","0.1798","0.0944","0.0963","0.0944","0.0963","0.6303855","0.633717","0.5408225","0.738459337699308","0","0",NA,"0","0.831037044525146"
"79","10","50","25","erdos_renyi","negative.binomial","species","species_1","hmsc",NA,"0.4732","0.1552","0.6211","0.0949","0.0641","0.0654",NA,"0.0856","0.0874","0.0811","0.0828","0.3506","0.3301","0.1762","0.1798","0.3047","0.311","0.0944","0.0963","0.5592655",NA,"0.4511","57.328","0.323","0.278","0.052","0.088","46.9107329845428"
"80","10","50","25","erdos_renyi","negative.binomial","species","species_1","gllvm",NA,"0.7814","0.0833","0.2825","0.0625","0.0641","0.0654",NA,"0.0756","0.0772","0.0811","0.0828","0.3283","0.3213","0.1762","0.1798","0.1893","0.1932","0.0944","0.0963","0.5865575",NA,"0.5695885","72.8085","0.06","0.278","0.227","0.25","1.58030796051025"
"81","1","50","25","erdos_renyi","negative.binomial","species","species_2","PLN","StARS_0.8","0.7754","0.1116","0.4411","0.0697","0.0694","0.0709","0.1074","0.0869","0.0887","0.0884","0.0902","0.5073","0.2038","0.1796","0.1833","0.0953","0.0973","0.0964","0.0984","0.64918","0.648021","0.5149185","0.567659260009064","0.064","0.059","0.053","0.056","12.669135093689"
"82","1","50","25","erdos_renyi","negative.binomial","species","species_2","PLN","StARS_0.9","0.7627","0.112","0.442","0.0701","0.0694","0.0709","0.1088","0.0862","0.0879","0.0884","0.0902","0.4847","0.1784","0.1796","0.1833","0.0943","0.0962","0.0964","0.0984","0.64918","0.648021","0.5149185","0.579670193766478","0.025","0.059","0.125","0.08","12.669135093689"
"83","1","50","25","erdos_renyi","negative.binomial","species","species_2","PLN","BIC","0.7624","0.1126","0.443","0.0709","0.0694","0.0709","0.1126","0.0884","0.0902","0.0884","0.0902","0.4864","0.1833","0.1796","0.1833","0.0964","0.0984","0.0964","0.0984","0.64918","0.648021","0.5149185","0.580025030799255","0","0",NA,"0","0.699620008468628"
"84","1","50","25","erdos_renyi","negative.binomial","species","species_2","ZIPLN","StARS_0.8","0.7383","0.0925","0.3354","0.0649","0.0694","0.0709","0.0968","0.0816","0.0833","0.0884","0.0902","0.2324","0.1851","0.1796","0.1833","0.0928","0.0947","0.0964","0.0984","0.6737695","0.6000975","0.5062755","0.697164648602971","0.092","0.118","0.071","0.089","12.0235970020294"
"85","1","50","25","erdos_renyi","negative.binomial","species","species_2","ZIPLN","StARS_0.9","0.7367","0.0933","0.3418","0.0648","0.0694","0.0709","0.092","0.0797","0.0813","0.0884","0.0902","0.2226","0.1728","0.1796","0.1833","0.0894","0.0913","0.0964","0.0984","0.6737695","0.6000975","0.5062755","0.704857639989823","0.049","0.118","0.125","0.121","12.0235970020294"
"86","1","50","25","erdos_renyi","negative.binomial","species","species_2","ZIPLN","BIC","0.735","0.096","0.35","0.067","0.0694","0.0709","0.0922","0.0808","0.0824","0.0884","0.0902","0.2105","0.1625","0.1796","0.1833","0.0895","0.0913","0.0964","0.0984","0.6737695","0.6000975","0.5062755","0.714788912344515","0.004","0.059","0.5","0.105","1.27621507644653"
"87","1","50","25","erdos_renyi","negative.binomial","species","species_2","hmsc",NA,"0.6338","0.2909","1.2962","0.1346","0.0694","0.0709",NA,"0.0911","0.093","0.0884","0.0902","0.4043","0.3852","0.1796","0.1833","0.3591","0.3665","0.0964","0.0984","0.4138665",NA,"0.35","56.5855","0.47","0.294","0.036","0.065","64.1427850723267"
"88","1","50","25","erdos_renyi","negative.binomial","species","species_2","gllvm",NA,"0.8319","0.0956","0.3358","0.0694","0.0694","0.0709",NA,"0.0854","0.0871","0.0884","0.0902","0.3487","0.3459","0.1796","0.1833","0.1925","0.1965","0.0964","0.0984","0.6574045",NA,"0.5821785","71.3863","0.028","0.059","0.111","0.077","1.43006300926208"
"89","2","50","25","erdos_renyi","negative.binomial","species","species_2","PLN","StARS_0.8","0.838","0.1282","0.525","0.075","0.0756","0.0771","0.121","0.0797","0.0813","0.0867","0.0885","0.5947","0.237","0.2361","0.2409","0.1005","0.1026","0.1078","0.11","0.6824025","0.644104","0.5521205","0.572842032466866","0.076","0.364","0.276","0.314","10.8294270038605"
"90","2","50","25","erdos_renyi","negative.binomial","species","species_2","PLN","StARS_0.9","0.838","0.1293","0.5277","0.0763","0.0756","0.0771","0.1271","0.0824","0.0841","0.0867","0.0885","0.5887","0.2211","0.2361","0.2409","0.1033","0.1054","0.1078","0.11","0.6824025","0.644104","0.5521205","0.573273690420912","0.022","0.091","0.25","0.133","10.8294270038605"
"91","2","50","25","erdos_renyi","negative.binomial","species","species_2","PLN","BIC","0.8372","0.13","0.5287","0.0771","0.0756","0.0771","0.13","0.0867","0.0885","0.0867","0.0885","0.596","0.2409","0.2361","0.2409","0.1078","0.11","0.1078","0.11","0.6824025","0.644104","0.5521205","0.570037671630298","0","0",NA,"0","0.580112934112549"
"92","2","50","25","erdos_renyi","negative.binomial","species","species_2","ZIPLN","StARS_0.8","0.8826","0.1585","0.7122","0.0708","0.0756","0.0771","0.1596","0.0757","0.0773","0.0867","0.0885","0.2283","0.196","0.2361","0.2409","0.093","0.0949","0.1078","0.11","0.67346","0.6881555","0.581518","0.718420115198782","0.097","0.318","0.206","0.25","11.4493308067322"
"93","2","50","25","erdos_renyi","negative.binomial","species","species_2","ZIPLN","StARS_0.9","0.9206","0.1594","0.7105","0.0738","0.0756","0.0771","0.1585","0.0794","0.081","0.0867","0.0885","0.2446","0.2171","0.2361","0.2409","0.0999","0.1019","0.1078","0.11","0.67346","0.6881555","0.581518","0.73016132274889","0.025","0.136","0.3","0.187","11.4493308067322"
"94","2","50","25","erdos_renyi","negative.binomial","species","species_2","ZIPLN","BIC","0.9499","0.1573","0.6898","0.0771","0.0756","0.0771","0.1573","0.0867","0.0885","0.0867","0.0885","0.2647","0.2409","0.2361","0.2409","0.1078","0.11","0.1078","0.11","0.67346","0.6881555","0.581518","0.735489465503581","0","0",NA,"0","1.462073802948"
"95","2","50","25","erdos_renyi","negative.binomial","species","species_2","hmsc",NA,"0.5845","0.0828","0.15","0.0787","0.0756","0.0771",NA,"0.0889","0.0908","0.0867","0.0885","0.3431","0.3095","0.2361","0.2409","0.231","0.2358","0.1078","0.11","0.5408425",NA,"0.6596","61.1213","0.065","0.045","0.053","0.049","62.6466410160065"
"96","2","50","25","erdos_renyi","negative.binomial","species","species_2","gllvm",NA,"0.7929","0.119","0.4678","0.075","0.0756","0.0771",NA,"0.0805","0.0821","0.0867","0.0885","0.4601","0.4445","0.2361","0.2409","0.2152","0.2196","0.1078","0.11","0.6825215",NA,"0.623883","122.7472","0.032","0.091","0.182","0.121","1.18775391578674"
"97","3","50","25","erdos_renyi","negative.binomial","species","species_2","PLN","StARS_0.8","1.1571","0.1211","0.5022","0.0691","0.0677","0.0691","0.1189","0.0852","0.087","0.0841","0.0858","0.7912","0.2974","0.2804","0.2862","0.1177","0.1201","0.1175","0.1199","0.650303","0.690003","0.69893","0.544209227251102","0.046","0.067","0.071","0.069","13.81090092659"
"98","3","50","25","erdos_renyi","negative.binomial","species","species_2","PLN","StARS_0.9","1.1571","0.1213","0.5031","0.0691","0.0677","0.0691","0.1202","0.0846","0.0864","0.0841","0.0858","0.7886","0.2901","0.2804","0.2862","0.1175","0.1199","0.1175","0.1199","0.650303","0.690003","0.69893","0.544290069333137","0.021","0","0","0","13.81090092659"
"99","3","50","25","erdos_renyi","negative.binomial","species","species_2","PLN","BIC","1.1569","0.1213","0.5036","0.0691","0.0677","0.0691","0.1213","0.0841","0.0858","0.0841","0.0858","0.7872","0.2862","0.2804","0.2862","0.1175","0.1199","0.1175","0.1199","0.650303","0.690003","0.69893","0.544801088318104","0","0",NA,"0","0.844149112701416"
"100","3","50","25","erdos_renyi","negative.binomial","species","species_2","ZIPLN","StARS_0.8","0.9765","0.0841","0.2929","0.0616","0.0677","0.0691","0.0826","0.0738","0.0754","0.0841","0.0858","0.3269","0.2425","0.2804","0.2862","0.0962","0.0982","0.1175","0.1199","0.6801375","0.7883685","0.661789","0.672986194028862","0.07","0.333","0.2","0.25","9.41757082939148"
"101","3","50","25","erdos_renyi","negative.binomial","species","species_2","ZIPLN","StARS_0.9","0.9736","0.0856","0.2978","0.0628","0.0677","0.0691","0.0821","0.0745","0.0761","0.0841","0.0858","0.3176","0.2374","0.2804","0.2862","0.0972","0.0992","0.1175","0.1199","0.6801375","0.7883685","0.661789","0.674005554276304","0.028","0.267","0.333","0.296","9.41757082939148"
"102","3","50","25","erdos_renyi","negative.binomial","species","species_2","ZIPLN","BIC","0.9526","0.0899","0.3085","0.0667","0.0677","0.0691","0.0864","0.079","0.0806","0.0841","0.0858","0.2982","0.2523","0.2804","0.2862","0.1081","0.1104","0.1175","0.1199","0.6801375","0.7883685","0.661789","0.682964869254509","0.004","0.133","0.667","0.222","1.2403998374939"
"103","3","50","25","erdos_renyi","negative.binomial","species","species_2","hmsc",NA,"0.6251","0.2889","1.3026","0.1275","0.0677","0.0691",NA,"0.0826","0.0843","0.0841","0.0858","0.4068","0.3697","0.2804","0.2862","0.3232","0.3298","0.1175","0.1199","0.5096395",NA,"0.4578","55.9083","0.414","0.333","0.041","0.072","64.30042719841"
"104","3","50","25","erdos_renyi","negative.binomial","species","species_2","gllvm",NA,"1.0657","0.0999","0.3745","0.0675","0.0677","0.0691",NA,"0.0822","0.0839","0.0841","0.0858","0.419","0.4017","0.2804","0.2862","0.1793","0.183","0.1175","0.1199","0.718347",NA,"0.6447555","78.0464","0.056","0.267","0.2","0.229","1.83531498908997"
"105","4","50","25","erdos_renyi","negative.binomial","species","species_2","PLN","StARS_0.8","0.942","0.1386","0.5748","0.0791","0.0798","0.0814","0.1305","0.0761","0.0776","0.0773","0.0789","0.4253","0.1839","0.1787","0.1824","0.108","0.1102","0.1126","0.1149","0.5826065","0.612113","0.6189775","0.659425341519052","0.076","0.174","0.16","0.167","12.0086019039154"
"106","4","50","25","erdos_renyi","negative.binomial","species","species_2","PLN","StARS_0.9","0.9379","0.1399","0.5788","0.0802","0.0798","0.0814","0.1343","0.076","0.0776","0.0773","0.0789","0.4158","0.1812","0.1787","0.1824","0.1105","0.1127","0.1126","0.1149","0.5826065","0.612113","0.6189775","0.664603281601868","0.029","0.087","0.2","0.121","12.0086019039154"
"107","4","50","25","erdos_renyi","negative.binomial","species","species_2","PLN","BIC","0.936","0.1412","0.5823","0.0814","0.0798","0.0814","0.1412","0.0773","0.0789","0.0773","0.0789","0.4169","0.1824","0.1787","0.1824","0.1126","0.1149","0.1126","0.1149","0.5826065","0.612113","0.6189775","0.666994811915665","0","0",NA,"0","0.670814037322998"
"108","4","50","25","erdos_renyi","negative.binomial","species","species_2","ZIPLN","StARS_0.8","0.6125","0.1147","0.4401","0.075","0.0798","0.0814","0.1077","0.0699","0.0714","0.0773","0.0789","0.2038","0.1693","0.1787","0.1824","0.104","0.1062","0.1126","0.1149","0.644007","0.634454","0.617989","0.772802483257272","0.061","0.261","0.261","0.261","12.9552340507507"
"109","4","50","25","erdos_renyi","negative.binomial","species","species_2","ZIPLN","StARS_0.9","0.6121","0.1166","0.4428","0.0775","0.0798","0.0814","0.1095","0.0722","0.0737","0.0773","0.0789","0.2023","0.1713","0.1787","0.1824","0.1065","0.1087","0.1126","0.1149","0.644007","0.634454","0.617989","0.783418006909553","0.029","0.174","0.333","0.229","12.9552340507507"
"110","4","50","25","erdos_renyi","negative.binomial","species","species_2","ZIPLN","BIC","0.612","0.1184","0.4458","0.0796","0.0798","0.0814","0.1154","0.0741","0.0757","0.0773","0.0789","0.2031","0.1753","0.1787","0.1824","0.1095","0.1117","0.1126","0.1149","0.644007","0.634454","0.617989","0.788756980516448","0","0.043","1","0.083","1.74934315681458"
"111","4","50","25","erdos_renyi","negative.binomial","species","species_2","hmsc",NA,"0.4474","0.1121","0.394","0.0814","0.0798","0.0814",NA,"0.0774","0.079","0.0773","0.0789","0.2575","0.2485","0.1787","0.1824","0.2288","0.2335","0.1126","0.1149","0.641136",NA,"0.6863","40.8989","0.007","0","0","0","63.1004939079285"
"112","4","50","25","erdos_renyi","negative.binomial","species","species_2","gllvm",NA,"0.8075","0.1206","0.4594","0.0797","0.0798","0.0814",NA,"0.0742","0.0757","0.0773","0.0789","0.1935","0.1865","0.1787","0.1824","0.135","0.1378","0.1126","0.1149","0.7063055",NA,"0.500449","52.8749","0.018","0.174","0.444","0.25","1.53083300590515"
"113","5","50","25","erdos_renyi","negative.binomial","species","species_2","PLN","StARS_0.8","0.9595","0.0979","0.3953","0.0589","0.0585","0.0598","0.0941","0.0845","0.0863","0.0873","0.0891","0.5168","0.2249","0.2241","0.2287","0.0933","0.0952","0.0965","0.0985","0.6469775","0.640376","0.47545","0.539230312568007","0.028","0.231","0.273","0.25","14.2409081459045"
"114","5","50","25","erdos_renyi","negative.binomial","species","species_2","PLN","StARS_0.9","0.9514","0.0982","0.3961","0.0593","0.0585","0.0598","0.096","0.0854","0.0872","0.0873","0.0891","0.5073","0.2209","0.2241","0.2287","0.0943","0.0962","0.0965","0.0985","0.6469775","0.640376","0.47545","0.540784014268929","0.01","0.154","0.4","0.222","14.2409081459045"
"115","5","50","25","erdos_renyi","negative.binomial","species","species_2","PLN","BIC","0.9424","0.0985","0.3961","0.0598","0.0585","0.0598","0.0985","0.0873","0.0891","0.0873","0.0891","0.504","0.2287","0.2241","0.2287","0.0965","0.0985","0.0965","0.0985","0.6469775","0.640376","0.47545","0.541670845113046","0","0",NA,"0","0.838382959365845"
"116","5","50","25","erdos_renyi","negative.binomial","species","species_2","ZIPLN","StARS_0.8","0.8765","0.5902","2.938","0.056","0.0585","0.0598","0.5903","0.0805","0.0822","0.0873","0.0891","0.2496","0.217","0.2241","0.2287","0.091","0.0929","0.0965","0.0985","0.7034605","0.7434425","0.693585","0.680233277181526","0.07","0.308","0.167","0.216","13.4178948402405"
"117","5","50","25","erdos_renyi","negative.binomial","species","species_2","ZIPLN","StARS_0.9","0.8657","0.5507","2.7397","0.0567","0.0585","0.0598","0.5504","0.081","0.0827","0.0873","0.0891","0.2455","0.2149","0.2241","0.2287","0.0909","0.0927","0.0965","0.0985","0.7034605","0.7434425","0.693585","0.68687325001084","0.021","0.231","0.333","0.273","13.4178948402405"
"118","5","50","25","erdos_renyi","negative.binomial","species","species_2","ZIPLN","BIC","0.8634","0.486","2.4131","0.0587","0.0585","0.0598","0.4859","0.0849","0.0867","0.0873","0.0891","0.2511","0.2234","0.2241","0.2287","0.0944","0.0963","0.0965","0.0985","0.7034605","0.7434425","0.693585","0.69188787930908","0","0.077","1","0.143","1.99858093261719"
"119","5","50","25","erdos_renyi","negative.binomial","species","species_2","hmsc",NA,"0.6249","0.1085","0.3688","0.0812","0.0585","0.0598",NA,"0.095","0.097","0.0873","0.0891","0.3801","0.3229","0.2241","0.2287","0.2454","0.2504","0.0965","0.0985","0.4985915",NA,"0.4305","67.0567","0.139","0","0","0","62.965282201767"
"120","5","50","25","erdos_renyi","negative.binomial","species","species_2","gllvm",NA,"0.9111","0.0822","0.2915","0.0591","0.0585","0.0598",NA,"0.0864","0.0882","0.0873","0.0891","0.4695","0.4643","0.2241","0.2287","0.2067","0.211","0.0965","0.0985","0.697454",NA,"0.697844","72.3767","0.045","0.154","0.133","0.143","1.77121710777283"
"121","6","50","25","erdos_renyi","negative.binomial","species","species_2","PLN","StARS_0.8","0.8242","0.1071","0.4214","0.0675","0.0674","0.0688","0.1006","0.0864","0.0881","0.0893","0.0911","0.4711","0.2334","0.2352","0.24","0.1014","0.1035","0.106","0.1082","0.7013615","0.668527","0.5814495","0.55334757548259","0.042","0.25","0.25","0.25","11.8596730232239"
"122","6","50","25","erdos_renyi","negative.binomial","species","species_2","PLN","StARS_0.9","0.8165","0.1081","0.423","0.0686","0.0674","0.0688","0.1056","0.0892","0.091","0.0893","0.0911","0.4691","0.2392","0.2352","0.24","0.105","0.1072","0.106","0.1082","0.7013615","0.668527","0.5814495","0.558643254687726","0.018","0.062","0.167","0.091","11.8596730232239"
"123","6","50","25","erdos_renyi","negative.binomial","species","species_2","PLN","BIC","0.8156","0.1083","0.4238","0.0688","0.0674","0.0688","0.1083","0.0893","0.0911","0.0893","0.0911","0.4694","0.24","0.2352","0.24","0.106","0.1082","0.106","0.1082","0.7013615","0.668527","0.5814495","0.559676501055274","0","0",NA,"0","0.58512806892395"
"124","6","50","25","erdos_renyi","negative.binomial","species","species_2","ZIPLN","StARS_0.8","0.6477","0.1039","0.4269","0.0605","0.0674","0.0688","0.1034","0.0774","0.079","0.0893","0.0911","0.2314","0.202","0.2352","0.24","0.0899","0.0917","0.106","0.1082","0.776926","0.750856","0.6291","0.665901374276138","0.092","0.5","0.235","0.32","13.5521259307861"
"125","6","50","25","erdos_renyi","negative.binomial","species","species_2","ZIPLN","StARS_0.9","0.6372","0.1076","0.4242","0.0675","0.0674","0.0688","0.1058","0.087","0.0888","0.0893","0.0911","0.2589","0.2346","0.2352","0.24","0.1037","0.1059","0.106","0.1082","0.776926","0.750856","0.6291","0.693585399147869","0.014","0.062","0.2","0.095","13.5521259307861"
"126","6","50","25","erdos_renyi","negative.binomial","species","species_2","ZIPLN","BIC","0.6351","0.1074","0.4182","0.0688","0.0674","0.0688","0.1074","0.0893","0.0911","0.0893","0.0911","0.2634","0.24","0.2352","0.24","0.106","0.1082","0.106","0.1082","0.776926","0.750856","0.6291","0.69791194606961","0","0",NA,"0","1.57071995735168"
"127","6","50","25","erdos_renyi","negative.binomial","species","species_2","hmsc",NA,"0.5725","0.0801","0.2066","0.07","0.0674","0.0688",NA,"0.0869","0.0887","0.0893","0.0911","0.3492","0.2996","0.2352","0.24","0.2418","0.2468","0.106","0.1082","0.4494285",NA,"0.4005","58.37","0.12","0.188","0.081","0.113","64.2863819599152"
"128","6","50","25","erdos_renyi","negative.binomial","species","species_2","gllvm",NA,"0.7818","0.0883","0.2945","0.0671","0.0674","0.0688",NA,"0.0856","0.0874","0.0893","0.0911","0.3212","0.3096","0.2352","0.24","0.1637","0.1671","0.106","0.1082","0.552236",NA,"0.400275","66.0279","0.032","0.125","0.182","0.148","2.15655303001404"
"129","7","50","25","erdos_renyi","negative.binomial","species","species_2","PLN","StARS_0.8","0.8849","0.0831","0.351","0.0454","0.0448","0.0457","0.078","0.0669","0.0683","0.0623","0.0636","0.4861","0.2025","0.1368","0.1396","0.0725","0.074","0.0677","0.0691","0.463333","0.470284","0.4913605","0.589295276142701","0.087","0.167","0.074","0.103","9.22694802284241"
"130","7","50","25","erdos_renyi","negative.binomial","species","species_2","PLN","StARS_0.9","0.8831","0.0838","0.3539","0.0457","0.0448","0.0457","0.082","0.0627","0.064","0.0623","0.0636","0.4427","0.1438","0.1368","0.1396","0.0681","0.0695","0.0677","0.0691","0.463333","0.470284","0.4913605","0.595697935844354","0.028","0","0","0","9.22694802284241"
"131","7","50","25","erdos_renyi","negative.binomial","species","species_2","PLN","BIC","0.8831","0.0838","0.3543","0.0457","0.0448","0.0457","0.0838","0.0623","0.0636","0.0623","0.0636","0.4414","0.1396","0.1368","0.1396","0.0677","0.0691","0.0677","0.0691","0.463333","0.470284","0.4913605","0.596526507092676","0","0",NA,"0","0.460395812988281"
"132","7","50","25","erdos_renyi","negative.binomial","species","species_2","ZIPLN","StARS_0.8","0.8621","0.0759","0.308","0.0453","0.0448","0.0457","0.0802","0.0643","0.0656","0.0623","0.0636","0.2187","0.1595","0.1368","0.1396","0.0713","0.0728","0.0677","0.0691","0.6259895","0.5804745","0.4503005","0.684065847790176","0.083","0.083","0.04","0.054","8.34978699684143"
"133","7","50","25","erdos_renyi","negative.binomial","species","species_2","ZIPLN","StARS_0.9","0.8354","0.0757","0.3099","0.0444","0.0448","0.0457","0.0741","0.0597","0.0609","0.0623","0.0636","0.1953","0.1371","0.1368","0.1396","0.0654","0.0668","0.0677","0.0691","0.6259895","0.5804745","0.4503005","0.69923411251036","0.021","0.083","0.143","0.105","8.34978699684143"
"134","7","50","25","erdos_renyi","negative.binomial","species","species_2","ZIPLN","BIC","0.8369","0.0764","0.3097","0.0457","0.0448","0.0457","0.0764","0.0623","0.0636","0.0623","0.0636","0.194","0.1396","0.1368","0.1396","0.0677","0.0691","0.0677","0.0691","0.6259895","0.5804745","0.4503005","0.703291290051764","0","0",NA,"0","1.02344703674316"
"135","7","50","25","erdos_renyi","negative.binomial","species","species_2","hmsc",NA,"0.5546","0.0666","0.1678","0.0587","0.0448","0.0457",NA,"0.0716","0.0731","0.0623","0.0636","0.303","0.2777","0.1368","0.1396","0.2452","0.2503","0.0677","0.0691","0.567804",NA,"0.4535","59.5399","0.153","0.167","0.043","0.069","48.1631910800934"
"136","7","50","25","erdos_renyi","negative.binomial","species","species_2","gllvm",NA,"0.8015","0.0708","0.2712","0.0464","0.0448","0.0457",NA,"0.0669","0.0683","0.0623","0.0636","0.3956","0.3791","0.1368","0.1396","0.1867","0.1905","0.0677","0.0691","0.4189855",NA,"0.406212","64.3071","0.045","0","0","0","1.34428596496582"
"137","8","50","25","erdos_renyi","negative.binomial","species","species_2","PLN","StARS_0.8","0.8793","0.1078","0.4527","0.0598","0.0623","0.0636","0.0972","0.069","0.0705","0.0743","0.0759","0.5474","0.2193","0.1562","0.1594","0.0826","0.0843","0.0892","0.091","0.7685965","0.7691635","0.580403","0.601361499002502","0.067","0.562","0.321","0.409","8.58028888702393"
"138","8","50","25","erdos_renyi","negative.binomial","species","species_2","PLN","StARS_0.9","0.8729","0.1105","0.4567","0.0636","0.0623","0.0636","0.1085","0.0749","0.0764","0.0743","0.0759","0.5068","0.1773","0.1562","0.1594","0.0897","0.0916","0.0892","0.091","0.7685965","0.7691635","0.580403","0.610881857041892","0.021","0.062","0.143","0.087","8.58028888702393"
"139","8","50","25","erdos_renyi","negative.binomial","species","species_2","PLN","BIC","0.8727","0.1107","0.4573","0.0636","0.0623","0.0636","0.1107","0.0743","0.0759","0.0743","0.0759","0.5008","0.1594","0.1562","0.1594","0.0892","0.091","0.0892","0.091","0.7685965","0.7691635","0.580403","0.60994172387412","0","0",NA,"0","0.453174114227295"
"140","8","50","25","erdos_renyi","negative.binomial","species","species_2","ZIPLN","StARS_0.8","0.6608","0.1378","0.6355","0.0545","0.0623","0.0636","0.1355","0.062","0.0633","0.0743","0.0759","0.1672","0.134","0.1562","0.1594","0.0757","0.0773","0.0892","0.091","0.7324665","0.7314665","0.576633","0.72789650405682","0.06","0.312","0.227","0.263","8.96428799629211"
"141","8","50","25","erdos_renyi","negative.binomial","species","species_2","ZIPLN","StARS_0.9","0.6603","0.1373","0.6258","0.0576","0.0623","0.0636","0.1323","0.0656","0.067","0.0743","0.0759","0.1696","0.1383","0.1562","0.1594","0.0792","0.0808","0.0892","0.091","0.7324665","0.7314665","0.576633","0.734509524670633","0.025","0.312","0.417","0.357","8.96428799629211"
"142","8","50","25","erdos_renyi","negative.binomial","species","species_2","ZIPLN","BIC","0.6596","0.1355","0.6099","0.0601","0.0623","0.0636","0.1334","0.0684","0.0698","0.0743","0.0759","0.1728","0.1439","0.1562","0.1594","0.0826","0.0844","0.0892","0.091","0.7324665","0.7314665","0.576633","0.735654396076769","0.011","0.125","0.4","0.19","0.752746820449829"
"143","8","50","25","erdos_renyi","negative.binomial","species","species_2","hmsc",NA,"0.529","0.1058","0.369","0.0774","0.0623","0.0636",NA,"0.0758","0.0774","0.0743","0.0759","0.2903","0.2749","0.1562","0.1594","0.2459","0.2509","0.0892","0.091","0.541329",NA,"0.4373","69.5638","0.194","0.312","0.083","0.132","48.8526818752289"
"144","8","50","25","erdos_renyi","negative.binomial","species","species_2","gllvm",NA,"0.8336","0.0891","0.3363","0.0597","0.0623","0.0636",NA,"0.0667","0.0681","0.0743","0.0759","0.2699","0.2648","0.1562","0.1594","0.1656","0.169","0.0892","0.091","0.6018475",NA,"0.6367245","81.3707","0.028","0.25","0.333","0.286","1.28148794174194"
"145","9","50","25","erdos_renyi","negative.binomial","species","species_2","PLN","StARS_0.8","0.9436","0.1255","0.5028","0.0766","0.0771","0.0787","0.1188","0.0859","0.0877","0.0909","0.0927","0.6357","0.2277","0.2148","0.2192","0.1013","0.1033","0.1074","0.1096","0.6662165","0.6507925","0.615114","0.574413931506409","0.06","0.278","0.227","0.25","9.45381498336792"
"146","9","50","25","erdos_renyi","negative.binomial","species","species_2","PLN","StARS_0.9","0.94","0.1265","0.5048","0.0778","0.0771","0.0787","0.1213","0.088","0.0898","0.0909","0.0927","0.6239","0.2168","0.2148","0.2192","0.1043","0.1065","0.1074","0.1096","0.6662165","0.6507925","0.615114","0.57559338404752","0.025","0.167","0.3","0.214","9.45381498336792"
"147","9","50","25","erdos_renyi","negative.binomial","species","species_2","PLN","BIC","0.9311","0.1275","0.5081","0.0787","0.0771","0.0787","0.1275","0.0909","0.0927","0.0909","0.0927","0.617","0.2192","0.2148","0.2192","0.1074","0.1096","0.1074","0.1096","0.6662165","0.6507925","0.615114","0.56914142546096","0","0",NA,"0","0.516584157943726"
"148","9","50","25","erdos_renyi","negative.binomial","species","species_2","ZIPLN","StARS_0.8","0.7728","0.1567","0.6968","0.0732","0.0771","0.0787","0.1594","0.0846","0.0863","0.0909","0.0927","0.2377","0.2119","0.2148","0.2192","0.102","0.1041","0.1074","0.1096","0.6112245","0.6042335","0.5588645","0.731273745435546","0.089","0.278","0.167","0.208","6.69219303131104"
"149","9","50","25","erdos_renyi","negative.binomial","species","species_2","ZIPLN","StARS_0.9","0.7725","0.1577","0.7003","0.074","0.0771","0.0787","0.1565","0.0845","0.0863","0.0909","0.0927","0.2362","0.2108","0.2148","0.2192","0.1022","0.1043","0.1074","0.1096","0.6112245","0.6042335","0.5588645","0.741075582256535","0.05","0.167","0.176","0.171","6.69219303131104"
"150","9","50","25","erdos_renyi","negative.binomial","species","species_2","ZIPLN","BIC","0.7788","0.1597","0.7042","0.0768","0.0771","0.0787","0.1572","0.0869","0.0887","0.0909","0.0927","0.2357","0.2117","0.2148","0.2192","0.104","0.1061","0.1074","0.1096","0.6112245","0.6042335","0.5588645","0.75205714937895","0","0.056","1","0.105","0.654536962509155"
"151","9","50","25","erdos_renyi","negative.binomial","species","species_2","hmsc",NA,"0.5414","0.0831","0.1547","0.0787","0.0771","0.0787",NA,"0.0909","0.0927","0.0909","0.0927","0.277","0.2342","0.2148","0.2192","0.1511","0.1543","0.1074","0.1096","0.4884865",NA,"0.5195","51.0851","0.004","0","0","0","48.6708550453186"
"152","9","50","25","erdos_renyi","negative.binomial","species","species_2","gllvm",NA,"0.8297","0.1097","0.3984","0.0769","0.0771","0.0787",NA,"0.0871","0.0889","0.0909","0.0927","0.3386","0.3282","0.2148","0.2192","0.1733","0.1768","0.1074","0.1096","0.646464",NA,"0.557387","70.1056","0.025","0.111","0.222","0.148","0.880484104156494"
"153","10","50","25","erdos_renyi","negative.binomial","species","species_2","PLN","StARS_0.8","1.1867","0.157","0.6373","0.0935","0.0923","0.0942","0.1544","0.0919","0.0938","0.0943","0.0963","0.5924","0.2659","0.2615","0.2669","0.1207","0.1231","0.1226","0.1251","0.625578","0.6139565","0.5370605","0.582230065930841","0.053","0.053","0.062","0.057","9.13973879814148"
"154","10","50","25","erdos_renyi","negative.binomial","species","species_2","PLN","StARS_0.9","1.1867","0.1572","0.6383","0.0936","0.0923","0.0942","0.1553","0.0919","0.0937","0.0943","0.0963","0.5888","0.2572","0.2615","0.2669","0.1206","0.1231","0.1226","0.1251","0.625578","0.6139565","0.5370605","0.582324916686073","0.028","0.053","0.111","0.071","9.13973879814148"
"155","10","50","25","erdos_renyi","negative.binomial","species","species_2","PLN","BIC","1.1866","0.1576","0.6391","0.0942","0.0923","0.0942","0.1576","0.0943","0.0963","0.0943","0.0963","0.5929","0.2669","0.2615","0.2669","0.1226","0.1251","0.1226","0.1251","0.625578","0.6139565","0.5370605","0.582666017377894","0","0",NA,"0","0.497902870178223"
"156","10","50","25","erdos_renyi","negative.binomial","species","species_2","ZIPLN","StARS_0.8","0.9394","0.1182","0.3965","0.0894","0.0923","0.0942","0.111","0.0885","0.0903","0.0943","0.0963","0.2765","0.2514","0.2615","0.2669","0.1136","0.116","0.1226","0.1251","0.7323865","0.656552","0.5678585","0.719040728956989","0.085","0.474","0.273","0.346","7.29092311859131"
"157","10","50","25","erdos_renyi","negative.binomial","species","species_2","ZIPLN","StARS_0.9","0.9394","0.1216","0.4029","0.0929","0.0923","0.0942","0.1158","0.0929","0.0948","0.0943","0.0963","0.286","0.2627","0.2615","0.2669","0.1198","0.1223","0.1226","0.1251","0.7323865","0.656552","0.5678585","0.730244833991837","0.032","0.211","0.308","0.25","7.29092311859131"
"158","10","50","25","erdos_renyi","negative.binomial","species","species_2","ZIPLN","BIC","0.9372","0.1229","0.406","0.0942","0.0923","0.0942","0.1229","0.0943","0.0963","0.0943","0.0963","0.2894","0.2669","0.2615","0.2669","0.1226","0.1251","0.1226","0.1251","0.7323865","0.656552","0.5678585","0.738137586261647","0","0",NA,"0","0.65458607673645"
"159","10","50","25","erdos_renyi","negative.binomial","species","species_2","hmsc",NA,"0.6314","0.1081","0.282","0.0941","0.0923","0.0942",NA,"0.0942","0.0961","0.0943","0.0963","0.3233","0.2803","0.2615","0.2669","0.1788","0.1825","0.1226","0.1251","0.5245315",NA,"0.4934","66.5858","0.004","0.053","0.5","0.095","48.7247190475464"
"160","10","50","25","erdos_renyi","negative.binomial","species","species_2","gllvm",NA,"1.0677","0.1307","0.4701","0.0927","0.0923","0.0942",NA,"0.0921","0.094","0.0943","0.0963","0.347","0.3442","0.2615","0.2669","0.1841","0.1878","0.1226","0.1251","0.587033",NA,"0.6370305","87.3127","0.075","0.158","0.125","0.14","1.22814297676086"
"161","1","50","25","erdos_renyi","negative.binomial","species","species_3","PLN","StARS_0.8","2.1967","0.1226","0.5456","0.057","0.0549","0.056","0.1214","0.0764","0.078","0.0678","0.0692","1.2136","0.2909","0.1722","0.1757","0.0962","0.0982","0.0901","0.0919","0.6193585","0.6664405","0.617492","0.495597317589309","0.046","0.2","0.188","0.194","21.9346919059753"
"162","1","50","25","erdos_renyi","negative.binomial","species","species_3","PLN","StARS_0.9","2.1777","0.1225","0.5463","0.0566","0.0549","0.056","0.1221","0.0721","0.0736","0.0678","0.0692","1.1773","0.2079","0.1722","0.1757","0.0932","0.0951","0.0901","0.0919","0.6193585","0.6664405","0.617492","0.496387273063438","0.018","0.2","0.375","0.261","21.9346919059753"
"163","1","50","25","erdos_renyi","negative.binomial","species","species_3","PLN","BIC","2.1652","0.1224","0.5468","0.056","0.0549","0.056","0.1224","0.0678","0.0692","0.0678","0.0692","1.1749","0.1757","0.1722","0.1757","0.0901","0.0919","0.0901","0.0919","0.6193585","0.6664405","0.617492","0.496285478062412","0","0",NA,"0","1.42167806625366"
"164","1","50","25","erdos_renyi","negative.binomial","species","species_3","ZIPLN","StARS_0.8","1.0549","0.1038","0.4322","0.0587","0.0549","0.056","0.1115","0.0719","0.0734","0.0678","0.0692","0.213","0.1814","0.1722","0.1757","0.0938","0.0957","0.0901","0.0919","0.320156","0.4183095","0.510814","0.658790367395725","0.063","0","0","0","15.2579870223999"
"165","1","50","25","erdos_renyi","negative.binomial","species","species_3","ZIPLN","StARS_0.9","1.0561","0.1029","0.4321","0.0569","0.0549","0.056","0.1071","0.0695","0.0709","0.0678","0.0692","0.2099","0.178","0.1722","0.1757","0.0915","0.0934","0.0901","0.0919","0.320156","0.4183095","0.510814","0.66820391255082","0.028","0","0","0","15.2579870223999"
"166","1","50","25","erdos_renyi","negative.binomial","species","species_3","ZIPLN","BIC","1.0494","0.1025","0.4326","0.056","0.0549","0.056","0.1025","0.0678","0.0692","0.0678","0.0692","0.2076","0.1757","0.1722","0.1757","0.0901","0.0919","0.0901","0.0919","0.320156","0.4183095","0.510814","0.675541961036072","0","0",NA,"0","1.33188700675964"
"167","1","50","25","erdos_renyi","negative.binomial","species","species_3","hmsc",NA,"0.7113","0.0674","0.1064","0.0653","0.0549","0.056",NA,"0.0751","0.0767","0.0678","0.0692","0.3083","0.2892","0.1722","0.1757","0.2404","0.2453","0.0901","0.0919","0.585196",NA,"0.5007","28.2042","0.158","0.267","0.082","0.125","59.8081200122833"
"168","1","50","25","erdos_renyi","negative.binomial","species","species_3","gllvm",NA,"1.0699","0.1019","0.433","0.0549","0.0549","0.056",NA,"0.0653","0.0667","0.0678","0.0692","0.4353","0.3707","0.1722","0.1757","0.1605","0.1638","0.0901","0.0919","0.641827",NA,"0.6070175","33.179","0.039","0.267","0.267","0.267","1.26890015602112"
"169","2","50","25","erdos_renyi","negative.binomial","species","species_3","PLN","StARS_0.8","1.9203","0.1206","0.5198","0.0624","0.0611","0.0623","0.1194","0.0839","0.0857","0.0812","0.0828","1.0343","0.318","0.1715","0.175","0.0921","0.094","0.089","0.0908","0.5585595","0.544714","0.4852045","0.443928465927924","0.036","0.053","0.091","0.067","15.787202835083"
"170","2","50","25","erdos_renyi","negative.binomial","species","species_3","PLN","StARS_0.9","1.9203","0.1207","0.5204","0.0624","0.0611","0.0623","0.1199","0.083","0.0847","0.0812","0.0828","1.0253","0.2863","0.1715","0.175","0.0912","0.0931","0.089","0.0908","0.5585595","0.544714","0.4852045","0.443896981498674","0.021","0.053","0.143","0.077","15.787202835083"
"171","2","50","25","erdos_renyi","negative.binomial","species","species_3","PLN","BIC","1.9202","0.1208","0.5209","0.0624","0.0611","0.0623","0.1203","0.0824","0.0841","0.0812","0.0828","1.017","0.2538","0.1715","0.175","0.0905","0.0924","0.089","0.0908","0.5585595","0.544714","0.4852045","0.444714817141874","0.011","0","0","0","1.09983801841736"
"172","2","50","25","erdos_renyi","negative.binomial","species","species_3","ZIPLN","StARS_0.8","1.0189","0.2256","1.0829","0.0645","0.0611","0.0623","0.2293","0.0862","0.088","0.0812","0.0828","0.2433","0.1974","0.1715","0.175","0.0968","0.0988","0.089","0.0908","0.574444","0.6332035","0.5092015","0.628050808106913","0.082","0.105","0.08","0.091","16.2777190208435"
"173","2","50","25","erdos_renyi","negative.binomial","species","species_3","ZIPLN","StARS_0.9","1.0156","0.2226","1.0704","0.0624","0.0611","0.0623","0.2225","0.0832","0.0849","0.0812","0.0828","0.2336","0.185","0.1715","0.175","0.0914","0.0933","0.089","0.0908","0.574444","0.6332035","0.5092015","0.641568937176634","0.025","0.105","0.222","0.143","16.2777190208435"
"174","2","50","25","erdos_renyi","negative.binomial","species","species_3","ZIPLN","BIC","1.0094","0.2164","1.0379","0.0623","0.0611","0.0623","0.2165","0.0812","0.0828","0.0812","0.0828","0.224","0.175","0.1715","0.175","0.089","0.0908","0.089","0.0908","0.574444","0.6332035","0.5092015","0.646386204882976","0","0",NA,"0","1.22087407112122"
"175","2","50","25","erdos_renyi","negative.binomial","species","species_3","hmsc",NA,"0.5569","0.1313","0.4874","0.0898","0.0611","0.0623",NA,"0.0891","0.0909","0.0812","0.0828","0.3327","0.305","0.1715","0.175","0.2669","0.2724","0.089","0.0908","0.539252",NA,"0.5183","30.5829","0.224","0.263","0.074","0.115","58.783401966095"
"176","2","50","25","erdos_renyi","negative.binomial","species","species_3","gllvm",NA,"1.2355","0.1024","0.4106","0.0624","0.0611","0.0623",NA,"0.0836","0.0853","0.0812","0.0828","0.5277","0.4956","0.1715","0.175","0.2028","0.207","0.089","0.0908","0.4567415",NA,"0.4902095","58.1098","0.078","0.053","0.043","0.048","1.56745314598083"
"177","3","50","25","erdos_renyi","negative.binomial","species","species_3","PLN","StARS_0.8","1.8532","0.0995","0.4341","0.0496","0.0485","0.0495","0.0977","0.0654","0.0668","0.0621","0.0634","0.9775","0.2539","0.1788","0.1825","0.0882","0.0901","0.0851","0.0869","0.681394","0.6598745","0.688607","0.583483996060116","0.062","0.083","0.053","0.065","21.9059579372406"
"178","3","50","25","erdos_renyi","negative.binomial","species","species_3","PLN","StARS_0.9","1.8422","0.0995","0.4343","0.0495","0.0485","0.0495","0.0985","0.0629","0.0642","0.0621","0.0634","0.9354","0.201","0.1788","0.1825","0.086","0.0877","0.0851","0.0869","0.681394","0.6598745","0.688607","0.588141969860127","0.024","0.083","0.125","0.1","21.9059579372406"
"179","3","50","25","erdos_renyi","negative.binomial","species","species_3","PLN","BIC","1.8388","0.0996","0.4349","0.0495","0.0485","0.0495","0.0996","0.0621","0.0634","0.0621","0.0634","0.9269","0.1825","0.1788","0.1825","0.0851","0.0869","0.0851","0.0869","0.681394","0.6598745","0.688607","0.588026439039125","0","0",NA,"0","1.46359491348267"
"180","3","50","25","erdos_renyi","negative.binomial","species","species_3","ZIPLN","StARS_0.8","1.0127","0.1281","0.5936","0.0492","0.0485","0.0495","0.1335","0.0651","0.0664","0.0621","0.0634","0.2215","0.1776","0.1788","0.1825","0.0816","0.0832","0.0851","0.0869","0.538804","0.597969","0.575988","0.725693361360016","0.066","0.167","0.095","0.121","15.7098059654236"
"181","3","50","25","erdos_renyi","negative.binomial","species","species_3","ZIPLN","StARS_0.9","1.0328","0.1277","0.5928","0.0485","0.0485","0.0495","0.1309","0.0629","0.0642","0.0621","0.0634","0.2203","0.178","0.1788","0.1825","0.0817","0.0833","0.0851","0.0869","0.538804","0.597969","0.575988","0.731626214497982","0.038","0.167","0.154","0.16","15.7098059654236"
"182","3","50","25","erdos_renyi","negative.binomial","species","species_3","ZIPLN","BIC","1.0459","0.1282","0.593","0.0498","0.0485","0.0495","0.1282","0.0632","0.0645","0.0621","0.0634","0.2204","0.1832","0.1788","0.1825","0.0852","0.087","0.0851","0.0869","0.538804","0.597969","0.575988","0.741349451435825","0.007","0","0","0","2.04924583435059"
"183","3","50","25","erdos_renyi","negative.binomial","species","species_3","hmsc",NA,"0.8381","0.2295","0.9933","0.1173","0.0485","0.0495",NA,"0.0698","0.0713","0.0621","0.0634","0.3441","0.3252","0.1788","0.1825","0.2961","0.3022","0.0851","0.0869","0.600081",NA,"0.4597","24.0767","0.326","0.5","0.06","0.107","59.2138140201569"
"184","3","50","25","erdos_renyi","negative.binomial","species","species_3","gllvm",NA,"1.252","0.0791","0.3185","0.0479","0.0485","0.0495",NA,"0.0623","0.0636","0.0621","0.0634","0.4046","0.344","0.1788","0.1825","0.1548","0.158","0.0851","0.0869","0.648859",NA,"0.657998","32.7294","0.094","0.333","0.129","0.186","1.78332495689392"
"185","4","50","25","erdos_renyi","negative.binomial","species","species_3","PLN","StARS_0.8","2.0199","0.1262","0.5389","0.0669","0.0659","0.0672","0.1232","0.0804","0.082","0.0792","0.0808","1.0287","0.2844","0.1815","0.1853","0.1005","0.1026","0.1008","0.1029","0.54511","0.5164835","0.628963","0.526030367891495","0.092","0.167","0.103","0.128","16.8051691055298"
"186","4","50","25","erdos_renyi","negative.binomial","species","species_3","PLN","StARS_0.9","1.9999","0.1267","0.5411","0.0672","0.0659","0.0672","0.1261","0.0786","0.0802","0.0792","0.0808","0.9666","0.1821","0.1815","0.1853","0.1003","0.1024","0.1008","0.1029","0.54511","0.5164835","0.628963","0.539621099870459","0.011","0.111","0.4","0.174","16.8051691055298"
"187","4","50","25","erdos_renyi","negative.binomial","species","species_3","PLN","BIC","1.9999","0.1267","0.5412","0.0672","0.0659","0.0672","0.1267","0.0792","0.0808","0.0792","0.0808","0.9672","0.1853","0.1815","0.1853","0.1008","0.1029","0.1008","0.1029","0.54511","0.5164835","0.628963","0.53802045692558","0","0",NA,"0","0.97451901435852"
"188","4","50","25","erdos_renyi","negative.binomial","species","species_3","ZIPLN","StARS_0.8","1.4686","0.1438","0.6436","0.0654","0.0659","0.0672","0.1481","0.0781","0.0797","0.0792","0.0808","0.2312","0.1875","0.1815","0.1853","0.1013","0.1034","0.1008","0.1029","0.512091","0.5581345","0.5208745","0.642604485167564","0.099","0.167","0.097","0.122","19.8012490272522"
"189","4","50","25","erdos_renyi","negative.binomial","species","species_3","ZIPLN","StARS_0.9","1.4726","0.1444","0.6477","0.065","0.0659","0.0672","0.1434","0.0759","0.0774","0.0792","0.0808","0.2217","0.1799","0.1815","0.1853","0.0982","0.1002","0.1008","0.1029","0.512091","0.5581345","0.5208745","0.657983962128084","0.028","0.167","0.273","0.207","19.8012490272522"
"190","4","50","25","erdos_renyi","negative.binomial","species","species_3","ZIPLN","BIC","1.4761","0.1456","0.649","0.0672","0.0659","0.0672","0.1456","0.0792","0.0808","0.0792","0.0808","0.2244","0.1853","0.1815","0.1853","0.1008","0.1029","0.1008","0.1029","0.512091","0.5581345","0.5208745","0.66723840375219","0","0",NA,"0","1.48774600028992"
"191","4","50","25","erdos_renyi","negative.binomial","species","species_3","hmsc",NA,"0.6819","0.0701","0.0741","0.0699","0.0659","0.0672",NA,"0.0822","0.0839","0.0792","0.0808","0.275","0.2511","0.1815","0.1853","0.1986","0.2027","0.1008","0.1029","0.5157755",NA,"0.501","33.2507","0.057","0","0","0","57.7526540756226"
"192","4","50","25","erdos_renyi","negative.binomial","species","species_3","gllvm",NA,"1.3738","0.1085","0.4324","0.0669","0.0659","0.0672",NA,"0.0788","0.0804","0.0792","0.0808","0.426","0.364","0.1815","0.1853","0.1726","0.1762","0.1008","0.1029","0.6012985",NA,"0.7935345","36.9999","0.043","0.111","0.143","0.125","2.0976779460907"
"193","5","50","25","erdos_renyi","negative.binomial","species","species_3","PLN","StARS_0.8","2.3333","0.0893","0.4061","0.0379","0.037","0.0377","0.0882","0.0619","0.0632","0.0597","0.0609","1.0332","0.1911","0.151","0.1541","0.0671","0.0684","0.0648","0.0662","0.6272355","0.6173385","0.503913","0.456484821649266","0.055","0.222","0.111","0.148","13.6749060153961"
"194","5","50","25","erdos_renyi","negative.binomial","species","species_3","PLN","StARS_0.9","2.3333","0.0893","0.4066","0.0378","0.037","0.0377","0.0887","0.0602","0.0615","0.0597","0.0609","1.0287","0.1637","0.151","0.1541","0.0654","0.0667","0.0648","0.0662","0.6272355","0.6173385","0.503913","0.456687186139647","0.027","0.111","0.111","0.111","13.6749060153961"
"195","5","50","25","erdos_renyi","negative.binomial","species","species_3","PLN","BIC","2.3331","0.0893","0.4067","0.0377","0.037","0.0377","0.0893","0.0597","0.0609","0.0597","0.0609","1.0272","0.1541","0.151","0.1541","0.0648","0.0662","0.0648","0.0662","0.6272355","0.6173385","0.503913","0.457717080445517","0","0",NA,"0","0.883387088775635"
"196","5","50","25","erdos_renyi","negative.binomial","species","species_3","ZIPLN","StARS_0.8","1.0005","0.099","0.4534","0.0406","0.037","0.0377","0.103","0.0658","0.0672","0.0597","0.0609","0.2212","0.1635","0.151","0.1541","0.0699","0.0713","0.0648","0.0662","0.6207185","0.655474","0.550947","0.617858236041338","0.058","0","0","0","12.521824836731"
"197","5","50","25","erdos_renyi","negative.binomial","species","species_3","ZIPLN","StARS_0.9","0.9967","0.0979","0.4498","0.0394","0.037","0.0377","0.0997","0.0638","0.0651","0.0597","0.0609","0.2182","0.1601","0.151","0.1541","0.068","0.0694","0.0648","0.0662","0.6207185","0.655474","0.550947","0.620312336345618","0.024","0","0","0","12.521824836731"
"198","5","50","25","erdos_renyi","negative.binomial","species","species_3","ZIPLN","BIC","0.9925","0.0949","0.4369","0.0377","0.037","0.0377","0.0949","0.0597","0.0609","0.0597","0.0609","0.2116","0.1541","0.151","0.1541","0.0648","0.0662","0.0648","0.0662","0.6207185","0.655474","0.550947","0.621378231517378","0","0",NA,"0","1.40462779998779"
"199","5","50","25","erdos_renyi","negative.binomial","species","species_3","hmsc",NA,"0.6293","0.088","0.3332","0.0587","0.037","0.0377",NA,"0.0699","0.0713","0.0597","0.0609","0.3208","0.2719","0.151","0.1541","0.2303","0.2351","0.0648","0.0662","0.5240145",NA,"0.4927","68.7751","0.155","0.111","0.022","0.036","58.5182518959045"
"200","5","50","25","erdos_renyi","negative.binomial","species","species_3","gllvm",NA,"1.6007","0.0673","0.2748","0.0396","0.037","0.0377",NA,"0.0715","0.073","0.0597","0.0609","0.5939","0.5549","0.151","0.1541","0.198","0.2021","0.0648","0.0662","0.527301",NA,"0.552827","81.2222","0.062","0.222","0.1","0.138","1.47058606147766"
"201","6","50","25","erdos_renyi","negative.binomial","species","species_3","PLN","StARS_0.8","2.0267","0.1247","0.5507","0.0596","0.0584","0.0596","0.1234","0.0738","0.0754","0.0715","0.073","1.1273","0.2544","0.1611","0.1644","0.0916","0.0935","0.0896","0.0914","0.5778895","0.5728695","0.6586835","0.473734932066023","0.046","0.067","0.071","0.069","23.0928449630737"
"202","6","50","25","erdos_renyi","negative.binomial","species","species_3","PLN","StARS_0.9","2.0258","0.1248","0.5516","0.0596","0.0584","0.0596","0.1242","0.0721","0.0736","0.0715","0.073","1.0978","0.1835","0.1611","0.1644","0.09","0.0919","0.0896","0.0914","0.5778895","0.5728695","0.6586835","0.474925884629351","0.025","0","0","0","23.0928449630737"
"203","6","50","25","erdos_renyi","negative.binomial","species","species_3","PLN","BIC","2.0291","0.125","0.5522","0.0596","0.0584","0.0596","0.125","0.0715","0.073","0.0715","0.073","1.0966","0.1644","0.1611","0.1644","0.0896","0.0914","0.0896","0.0914","0.5778895","0.5728695","0.6586835","0.475297155057919","0","0",NA,"0","1.33714294433594"
"204","6","50","25","erdos_renyi","negative.binomial","species","species_3","ZIPLN","StARS_0.8","0.9558","0.0998","0.4175","0.0557","0.0584","0.0596","0.1009","0.0678","0.0692","0.0715","0.073","0.2102","0.1591","0.1611","0.1644","0.0857","0.0875","0.0896","0.0914","0.557783","0.599117","0.5850755","0.617660490272873","0.046","0.133","0.133","0.133","18.9176340103149"
"205","6","50","25","erdos_renyi","negative.binomial","species","species_3","ZIPLN","StARS_0.9","0.9547","0.1002","0.42","0.0557","0.0584","0.0596","0.0993","0.0669","0.0683","0.0715","0.073","0.2088","0.1575","0.1611","0.1644","0.0853","0.0871","0.0896","0.0914","0.557783","0.599117","0.5850755","0.620074449864435","0.021","0.133","0.25","0.174","18.9176340103149"
"206","6","50","25","erdos_renyi","negative.binomial","species","species_3","ZIPLN","BIC","0.9538","0.1009","0.4222","0.0563","0.0584","0.0596","0.0999","0.0669","0.0683","0.0715","0.073","0.2088","0.1571","0.1611","0.1644","0.0856","0.0874","0.0896","0.0914","0.557783","0.599117","0.5850755","0.621694200725006","0.011","0.067","0.25","0.105","1.99416303634644"
"207","6","50","25","erdos_renyi","negative.binomial","species","species_3","hmsc",NA,"0.5487","0.0724","0.1312","0.0688","0.0584","0.0596",NA,"0.0772","0.0788","0.0715","0.073","0.2478","0.2252","0.1611","0.1644","0.182","0.1858","0.0896","0.0914","0.5497295",NA,"0.4627","21.7752","0.105","0.133","0.062","0.085","59.6367208957672"
"208","6","50","25","erdos_renyi","negative.binomial","species","species_3","gllvm",NA,"0.8384","0.1079","0.4565","0.0587","0.0584","0.0596",NA,"0.0719","0.0734","0.0715","0.073","0.5043","0.4348","0.1611","0.1644","0.1758","0.1795","0.0896","0.0914","0.5617505",NA,"0.62553","25.4338","0.088","0.4","0.194","0.261","1.60906100273132"
"209","7","50","25","erdos_renyi","negative.binomial","species","species_3","PLN","StARS_0.8","1.8572","0.1286","0.563","0.0634","0.0621","0.0634","0.1277","0.0786","0.0802","0.0776","0.0792","1.0331","0.2037","0.1681","0.1716","0.0875","0.0893","0.0868","0.0886","0.4789","0.5255","0.49565","0.516653126223739","0.038","0","0","0","12.1178460121155"
"210","7","50","25","erdos_renyi","negative.binomial","species","species_3","PLN","StARS_0.9","1.857","0.1287","0.5633","0.0634","0.0621","0.0634","0.1281","0.078","0.0796","0.0776","0.0792","1.0295","0.1843","0.1681","0.1716","0.0871","0.0889","0.0868","0.0886","0.4789","0.5255","0.49565","0.516167242483152","0.021","0","0","0","12.1178460121155"
"211","7","50","25","erdos_renyi","negative.binomial","species","species_3","PLN","BIC","1.8568","0.1287","0.5635","0.0634","0.0621","0.0634","0.1287","0.0776","0.0792","0.0776","0.0792","1.0274","0.1716","0.1681","0.1716","0.0868","0.0886","0.0868","0.0886","0.4789","0.5255","0.49565","0.517074274249068","0","0",NA,"0","0.808480978012085"
"212","7","50","25","erdos_renyi","negative.binomial","species","species_3","ZIPLN","StARS_0.8","1.312","0.3189","1.5626","0.0649","0.0621","0.0634","0.3221","0.0807","0.0824","0.0776","0.0792","0.222","0.1732","0.1681","0.1716","0.0875","0.0893","0.0868","0.0886","0.543","0.68165","0.648125","0.681322026544173","0.045","0.1","0.071","0.083","8.4313759803772"
"213","7","50","25","erdos_renyi","negative.binomial","species","species_3","ZIPLN","StARS_0.9","1.3054","0.3071","1.503","0.0641","0.0621","0.0634","0.3077","0.0791","0.0808","0.0776","0.0792","0.2206","0.1714","0.1681","0.1716","0.0866","0.0883","0.0868","0.0886","0.543","0.68165","0.648125","0.685109334827109","0.017","0","0","0","8.4313759803772"
"214","7","50","25","erdos_renyi","negative.binomial","species","species_3","ZIPLN","BIC","1.299","0.2804","1.3671","0.0634","0.0621","0.0634","0.2805","0.0776","0.0792","0.0776","0.0792","0.2207","0.1716","0.1681","0.1716","0.0868","0.0886","0.0868","0.0886","0.543","0.68165","0.648125","0.691070802735294","0","0",NA,"0","0.696262121200562"
"215","7","50","25","erdos_renyi","negative.binomial","species","species_3","hmsc",NA,"0.8916","0.0641","0.0611","0.0643","0.0621","0.0634",NA,"0.0782","0.0798","0.0776","0.0792","0.2593","0.227","0.1681","0.1716","0.1923","0.1963","0.0868","0.0886","0.75155",NA,"0.8155","43.745","0.052","0.5","0.25","0.333","47.9583299160004"
"216","7","50","25","erdos_renyi","negative.binomial","species","species_3","gllvm",NA,"1.1702","0.0949","0.3709","0.0605","0.0621","0.0634",NA,"0.0742","0.0757","0.0776","0.0792","0.436","0.3771","0.1681","0.1716","0.1512","0.1543","0.0868","0.0886","0.71435",NA,"0.616425","58.0152","0.107","0.4","0.114","0.178","1.29206609725952"
"217","8","50","25","erdos_renyi","negative.binomial","species","species_3","PLN","StARS_0.8","1.7913","0.1395","0.5582","0.0854","0.0848","0.0866","0.1367","0.0903","0.0922","0.0925","0.0944","0.609","0.2199","0.1998","0.2039","0.1108","0.1131","0.1129","0.1153","0.5415645","0.5251765","0.5245875","0.553981487235614","0.043","0.048","0.077","0.059","14.5704848766327"
"218","8","50","25","erdos_renyi","negative.binomial","species","species_3","PLN","StARS_0.9","1.7929","0.1399","0.5595","0.0858","0.0848","0.0866","0.1377","0.0905","0.0924","0.0925","0.0944","0.6022","0.207","0.1998","0.2039","0.1111","0.1134","0.1129","0.1153","0.5415645","0.5251765","0.5245875","0.555206491535639","0.014","0.048","0.2","0.077","14.5704848766327"
"219","8","50","25","erdos_renyi","negative.binomial","species","species_3","PLN","BIC","1.7967","0.1407","0.5616","0.0866","0.0848","0.0866","0.1407","0.0925","0.0944","0.0925","0.0944","0.6039","0.2039","0.1998","0.2039","0.1129","0.1153","0.1129","0.1153","0.5415645","0.5251765","0.5245875","0.555160679164654","0","0",NA,"0","0.824143886566162"
"220","8","50","25","erdos_renyi","negative.binomial","species","species_3","ZIPLN","StARS_0.8","1.1562","0.2786","1.337","0.0797","0.0848","0.0866","0.2835","0.0851","0.0868","0.0925","0.0944","0.2294","0.1842","0.1998","0.2039","0.1043","0.1064","0.1129","0.1153","0.517824","0.520875","0.5086685","0.71057886531763","0.079","0.238","0.185","0.208","21.4754459857941"
"221","8","50","25","erdos_renyi","negative.binomial","species","species_3","ZIPLN","StARS_0.9","1.1508","0.271","1.2955","0.0809","0.0848","0.0866","0.2709","0.0855","0.0872","0.0925","0.0944","0.2324","0.1896","0.1998","0.2039","0.1061","0.1083","0.1129","0.1153","0.517824","0.520875","0.5086685","0.722246373383836","0.022","0.143","0.333","0.2","21.4754459857941"
"222","8","50","25","erdos_renyi","negative.binomial","species","species_3","ZIPLN","BIC","1.1468","0.2516","1.1846","0.0866","0.0848","0.0866","0.2517","0.0925","0.0944","0.0925","0.0944","0.243","0.2039","0.1998","0.2039","0.1129","0.1153","0.1129","0.1153","0.517824","0.520875","0.5086685","0.73289830072079","0","0",NA,"0","1.39850306510925"
"223","8","50","25","erdos_renyi","negative.binomial","species","species_3","hmsc",NA,"0.564","0.0941","0.1407","0.0916","0.0848","0.0866",NA,"0.0961","0.098","0.0925","0.0944","0.3197","0.3007","0.1998","0.2039","0.2568","0.2621","0.1129","0.1153","0.521691",NA,"0.3903","20.972","0.165","0.143","0.061","0.086","48.0014171600342"
"224","8","50","25","erdos_renyi","negative.binomial","species","species_3","gllvm",NA,"0.9544","0.1286","0.4857","0.0859","0.0848","0.0866",NA,"0.0923","0.0942","0.0925","0.0944","0.3972","0.3561","0.1998","0.2039","0.1758","0.1794","0.1129","0.1153","0.6195105",NA,"0.5355295","24.6725","0.05","0.048","0.067","0.056","0.909008979797363"
"225","9","50","25","erdos_renyi","negative.binomial","species","species_3","PLN","StARS_0.8","2.6297","0.1449","0.6535","0.0638","0.0629","0.0642","0.1429","0.0752","0.0767","0.0756","0.0772","1.3899","0.2754","0.1652","0.1686","0.0887","0.0905","0.0898","0.0916","0.560997","0.594656","0.55004","0.382732260987219","0.045","0.214","0.188","0.2","20.9329869747162"
"226","9","50","25","erdos_renyi","negative.binomial","species","species_3","PLN","StARS_0.9","2.6221","0.145","0.6541","0.0639","0.0629","0.0642","0.1439","0.0739","0.0754","0.0756","0.0772","1.3671","0.2088","0.1652","0.1686","0.0879","0.0897","0.0898","0.0916","0.560997","0.594656","0.55004","0.384553434773276","0.021","0.071","0.143","0.095","20.9329869747162"
"227","9","50","25","erdos_renyi","negative.binomial","species","species_3","PLN","BIC","2.6166","0.1452","0.6546","0.0641","0.0629","0.0642","0.1447","0.0744","0.076","0.0756","0.0772","1.3558","0.169","0.1652","0.1686","0.0886","0.0904","0.0898","0.0916","0.560997","0.594656","0.55004","0.384655426723273","0","0.071","1","0.133","1.53471207618713"
"228","9","50","25","erdos_renyi","negative.binomial","species","species_3","ZIPLN","StARS_0.8","0.8546","0.2873","1.4008","0.0652","0.0629","0.0642","0.2884","0.0779","0.0795","0.0756","0.0772","0.2101","0.1716","0.1652","0.1686","0.0916","0.0935","0.0898","0.0916","0.4882815","0.4831705","0.4428","0.562046837720907","0.087","0.071","0.038","0.05","9.88628506660461"
"229","9","50","25","erdos_renyi","negative.binomial","species","species_3","ZIPLN","StARS_0.9","0.8464","0.2793","1.3601","0.0645","0.0629","0.0642","0.2795","0.0765","0.0781","0.0756","0.0772","0.2081","0.1699","0.1652","0.1686","0.0905","0.0924","0.0898","0.0916","0.4882815","0.4831705","0.4428","0.571497696149856","0.045","0.071","0.071","0.071","9.88628506660461"
"230","9","50","25","erdos_renyi","negative.binomial","species","species_3","ZIPLN","BIC","0.8375","0.2656","1.2905","0.0642","0.0629","0.0642","0.2657","0.0756","0.0772","0.0756","0.0772","0.2064","0.1686","0.1652","0.1686","0.0898","0.0916","0.0898","0.0916","0.4882815","0.4831705","0.4428","0.576942495358741","0","0",NA,"0","0.869019031524658"
"231","9","50","25","erdos_renyi","negative.binomial","species","species_3","hmsc",NA,"0.5861","0.3032","1.2719","0.1684","0.0629","0.0642",NA,"0.0865","0.0883","0.0756","0.0772","0.3336","0.3186","0.1652","0.1686","0.2784","0.2842","0.0898","0.0916","0.543996",NA,"0.4523","29.5761","0.325","0.429","0.061","0.106","46.1670391559601"
"232","9","50","25","erdos_renyi","negative.binomial","species","species_3","gllvm",NA,"1.5803","0.1227","0.5295","0.0632","0.0629","0.0642",NA,"0.0814","0.083","0.0756","0.0772","0.989","0.8864","0.1652","0.1686","0.2395","0.2444","0.0898","0.0916","0.6073385",NA,"0.54784","37.9383","0.178","0.357","0.089","0.143","1.51282715797424"
"233","10","50","25","erdos_renyi","negative.binomial","species","species_3","PLN","StARS_0.8","2.5162","0.1257","0.5703","0.0539","0.053","0.0541","0.1235","0.0646","0.066","0.0621","0.0633","1.0819","0.2739","0.1306","0.1333","0.0769","0.0785","0.0743","0.0758","0.4716195","0.514826","0.488617","0.509832905879437","0.035","0.071","0.091","0.08","17.4222779273987"
"234","10","50","25","erdos_renyi","negative.binomial","species","species_3","PLN","StARS_0.9","2.512","0.126","0.5719","0.0541","0.053","0.0541","0.1257","0.0623","0.0636","0.0621","0.0633","1.0379","0.1454","0.1306","0.1333","0.0744","0.076","0.0743","0.0758","0.4716195","0.514826","0.488617","0.510887604690637","0.017","0","0","0","17.4222779273987"
"235","10","50","25","erdos_renyi","negative.binomial","species","species_3","PLN","BIC","2.5117","0.1261","0.5721","0.0541","0.053","0.0541","0.1261","0.0621","0.0633","0.0621","0.0633","1.0373","0.1333","0.1306","0.1333","0.0743","0.0758","0.0743","0.0758","0.4716195","0.514826","0.488617","0.510932981984041","0","0",NA,"0","1.02828097343445"
"236","10","50","25","erdos_renyi","negative.binomial","species","species_3","ZIPLN","StARS_0.8","0.9296","0.9108","4.5486","0.0462","0.053","0.0541","0.9153","0.0535","0.0546","0.0621","0.0633","0.1566","0.1068","0.1306","0.1333","0.0634","0.0648","0.0743","0.0758","0.6210885","0.5647065","0.52104","0.637805601497495","0.094","0.357","0.156","0.217","19.1408808231354"
"237","10","50","25","erdos_renyi","negative.binomial","species","species_3","ZIPLN","StARS_0.9","0.9172","0.7871","3.9284","0.0476","0.053","0.0541","0.7913","0.0531","0.0541","0.0621","0.0633","0.1525","0.1015","0.1306","0.1333","0.0597","0.0609","0.0743","0.0758","0.6210885","0.5647065","0.52104","0.653797604189699","0.024","0.286","0.364","0.32","19.1408808231354"
"238","10","50","25","erdos_renyi","negative.binomial","species","species_3","ZIPLN","BIC","0.9112","0.5798","2.8868","0.0541","0.053","0.0541","0.5838","0.0621","0.0633","0.0621","0.0633","0.1724","0.1333","0.1306","0.1333","0.0743","0.0758","0.0743","0.0758","0.6210885","0.5647065","0.52104","0.663708559269495","0","0",NA,"0","1.65132689476013"
"239","10","50","25","erdos_renyi","negative.binomial","species","species_3","hmsc",NA,"0.523","0.0605","0.0747","0.0598","0.053","0.0541",NA,"0.0677","0.0691","0.0621","0.0633","0.2204","0.204","0.1306","0.1333","0.1696","0.1731","0.0743","0.0758","0.594864",NA,"0.6055","21.9165","0.045","0.143","0.133","0.138","46.5836210250854"
"240","10","50","25","erdos_renyi","negative.binomial","species","species_3","gllvm",NA,"1.7824","0.103","0.4453","0.0528","0.053","0.0541",NA,"0.0673","0.0687","0.0621","0.0633","0.6832","0.601","0.1306","0.1333","0.2025","0.2067","0.0743","0.0758","0.580595",NA,"0.482834","26.5666","0.154","0.214","0.064","0.098","1.13379120826721"
"241","1","50","25","erdos_renyi","negative.binomial","species","species_4","PLN","StARS_0.8","2.6486","0.1322","0.5504","0.0748","0.0735","0.075","0.13","0.0961","0.0981","0.0969","0.0989","1.2177","0.2776","0.2554","0.2607","0.1134","0.1157","0.1144","0.1167","0.507914","0.482681","0.5557935","0.417142429024514","0.035","0.133","0.167","0.148","25.8949270248413"
"242","1","50","25","erdos_renyi","negative.binomial","species","species_4","PLN","StARS_0.9","2.648","0.1324","0.5508","0.075","0.0735","0.075","0.1319","0.0969","0.0989","0.0969","0.0989","1.2132","0.2614","0.2554","0.2607","0.1143","0.1167","0.1144","0.1167","0.507914","0.482681","0.5557935","0.420280765417555","0.018","0","0","0","25.8949270248413"
"243","1","50","25","erdos_renyi","negative.binomial","species","species_4","PLN","BIC","2.6474","0.1324","0.5508","0.075","0.0735","0.075","0.1324","0.0969","0.0989","0.0969","0.0989","1.2131","0.2607","0.2554","0.2607","0.1144","0.1167","0.1144","0.1167","0.507914","0.482681","0.5557935","0.419153717584752","0","0",NA,"0","1.49102997779846"
"244","1","50","25","erdos_renyi","negative.binomial","species","species_4","ZIPLN","StARS_0.8","1.4217","0.1682","0.7619","0.0726","0.0735","0.075","0.1701","0.0949","0.0969","0.0969","0.0989","0.3022","0.2523","0.2554","0.2607","0.1087","0.111","0.1144","0.1167","0.653563","0.609802","0.57112","0.566585750737963","0.084","0.267","0.143","0.186","19.0806560516357"
"245","1","50","25","erdos_renyi","negative.binomial","species","species_4","ZIPLN","StARS_0.9","1.398","0.1668","0.7546","0.0726","0.0735","0.075","0.1676","0.0947","0.0967","0.0969","0.0989","0.298","0.2472","0.2554","0.2607","0.1074","0.1096","0.1144","0.1167","0.653563","0.609802","0.57112","0.578220708010724","0.035","0.133","0.167","0.148","19.0806560516357"
"246","1","50","25","erdos_renyi","negative.binomial","species","species_4","ZIPLN","BIC","1.3744","0.1624","0.7291","0.073","0.0735","0.075","0.1616","0.0933","0.0953","0.0969","0.0989","0.2933","0.247","0.2554","0.2607","0.1098","0.1121","0.1144","0.1167","0.653563","0.609802","0.57112","0.58428505194568","0","0.067","1","0.125","2.19655799865723"
"247","1","50","25","erdos_renyi","negative.binomial","species","species_4","hmsc",NA,"0.6974","0.1015","0.2709","0.0876","0.0735","0.075",NA,"0.1024","0.1046","0.0969","0.0989","0.4402","0.3991","0.2554","0.2607","0.3211","0.3277","0.1144","0.1167","0.416058",NA,"0.5366","29.9354","0.182","0.133","0.037","0.058","65.9926648139954"
"248","1","50","25","erdos_renyi","negative.binomial","species","species_4","gllvm",NA,"1.8045","0.1176","0.4597","0.0748","0.0735","0.075",NA,"0.098","0.1","0.0969","0.0989","0.6895","0.6398","0.2554","0.2607","0.2256","0.2302","0.1144","0.1167","0.609591",NA,"0.6175865","31.4289","0.119","0.067","0.029","0.04","1.55996584892273"
"249","2","50","25","erdos_renyi","negative.binomial","species","species_4","PLN","StARS_0.8","2.7784","0.1265","0.5407","0.067","0.0656","0.067","0.1249","0.0831","0.0848","0.0805","0.0822","1.3364","0.2657","0.1772","0.1809","0.0956","0.0976","0.0942","0.0961","0.540342","0.514436","0.5318425","0.511770710084524","0.06","0","0","0","26.1825149059296"
"250","2","50","25","erdos_renyi","negative.binomial","species","species_4","PLN","StARS_0.9","2.7709","0.1267","0.5418","0.067","0.0656","0.067","0.1256","0.0807","0.0824","0.0805","0.0822","1.3164","0.1896","0.1772","0.1809","0.094","0.0959","0.0942","0.0961","0.540342","0.514436","0.5318425","0.513238255492479","0.028","0","0","0","26.1825149059296"
"251","2","50","25","erdos_renyi","negative.binomial","species","species_4","PLN","BIC","2.7708","0.1267","0.5419","0.067","0.0656","0.067","0.1267","0.0805","0.0822","0.0805","0.0822","1.3153","0.1809","0.1772","0.1809","0.0942","0.0961","0.0942","0.0961","0.540342","0.514436","0.5318425","0.51507352331724","0","0",NA,"0","1.51749396324158"
"252","2","50","25","erdos_renyi","negative.binomial","species","species_4","ZIPLN","StARS_0.8","1.2484","0.182","0.834","0.0743","0.0656","0.067","0.1869","0.0907","0.0926","0.0805","0.0822","0.2531","0.2017","0.1772","0.1809","0.1071","0.1094","0.0942","0.0961","0.5275015","0.458699","0.517459","0.640963358240087","0.131","0.118","0.051","0.071","16.1202890872955"
"253","2","50","25","erdos_renyi","negative.binomial","species","species_4","ZIPLN","StARS_0.9","1.2262","0.1795","0.8331","0.0682","0.0656","0.067","0.1809","0.0829","0.0846","0.0805","0.0822","0.2392","0.1836","0.1772","0.1809","0.0959","0.0979","0.0942","0.0961","0.5275015","0.458699","0.517459","0.659437723543774","0.032","0","0","0","16.1202890872955"
"254","2","50","25","erdos_renyi","negative.binomial","species","species_4","ZIPLN","BIC","1.2178","0.1782","0.8284","0.067","0.0656","0.067","0.1782","0.0805","0.0822","0.0805","0.0822","0.2368","0.1809","0.1772","0.1809","0.0942","0.0961","0.0942","0.0961","0.5275015","0.458699","0.517459","0.669898018421262","0","0",NA,"0","1.88691997528076"
"255","2","50","25","erdos_renyi","negative.binomial","species","species_4","hmsc",NA,"0.7128","0.2516","1.0584","0.1389","0.0656","0.067",NA,"0.0886","0.0904","0.0805","0.0822","0.3383","0.3182","0.1772","0.1809","0.2828","0.2886","0.0942","0.0961","0.654817",NA,"0.4228","35.9487","0.325","0.471","0.08","0.137","65.1802780628204"
"256","2","50","25","erdos_renyi","negative.binomial","species","species_4","gllvm",NA,"1.3131","0.1051","0.4084","0.0676","0.0656","0.067",NA,"0.0934","0.0953","0.0805","0.0822","1.1592","1.0227","0.1772","0.1809","0.2427","0.2477","0.0942","0.0961","0.5465345",NA,"0.5632235","46.3048","0.205","0.294","0.079","0.125","1.80131411552429"
"257","3","50","25","erdos_renyi","negative.binomial","species","species_4","PLN","StARS_0.8","2.9105","0.1047","0.4803","0.0426","0.0419","0.0428","0.1021","0.0586","0.0598","0.0577","0.0589","1.4024","0.1954","0.1295","0.1322","0.0659","0.0672","0.0654","0.0667","0.533754","0.479719","0.5002025","0.479074355506766","0.077","0.154","0.083","0.108","16.9569089412689"
"258","3","50","25","erdos_renyi","negative.binomial","species","species_4","PLN","StARS_0.9","2.9104","0.1049","0.481","0.0428","0.0419","0.0428","0.1045","0.058","0.0592","0.0577","0.0589","1.3965","0.1447","0.1295","0.1322","0.0656","0.0669","0.0654","0.0667","0.533754","0.479719","0.5002025","0.47910574969606","0.021","0","0","0","16.9569089412689"
"259","3","50","25","erdos_renyi","negative.binomial","species","species_4","PLN","BIC","2.91","0.105","0.4811","0.0428","0.0419","0.0428","0.105","0.0577","0.0589","0.0577","0.0589","1.3953","0.1322","0.1295","0.1322","0.0654","0.0667","0.0654","0.0667","0.533754","0.479719","0.5002025","0.480083143565404","0","0",NA,"0","1.29816699028015"
"260","3","50","25","erdos_renyi","negative.binomial","species","species_4","ZIPLN","StARS_0.8","1.4747","0.5772","2.8742","0.0534","0.0419","0.0428","0.5821","0.0725","0.074","0.0577","0.0589","0.2217","0.1662","0.1295","0.1322","0.0851","0.0868","0.0654","0.0667","0.5311935","0.5894095","0.5688995","0.616871357702438","0.122","0.231","0.079","0.118","17.2225649356842"
"261","3","50","25","erdos_renyi","negative.binomial","species","species_4","ZIPLN","StARS_0.9","1.4705","0.5392","2.6854","0.0485","0.0419","0.0428","0.5404","0.0674","0.0688","0.0577","0.0589","0.2115","0.1516","0.1295","0.1322","0.0762","0.0778","0.0654","0.0667","0.5311935","0.5894095","0.5688995","0.62581301377599","0.028","0.077","0.111","0.091","17.2225649356842"
"262","3","50","25","erdos_renyi","negative.binomial","species","species_4","ZIPLN","BIC","1.4804","0.468","2.3308","0.0428","0.0419","0.0428","0.4682","0.0577","0.0589","0.0577","0.0589","0.198","0.1322","0.1295","0.1322","0.0654","0.0667","0.0654","0.0667","0.5311935","0.5894095","0.5688995","0.639470158782978","0","0",NA,"0","1.25761604309082"
"263","3","50","25","erdos_renyi","negative.binomial","species","species_4","hmsc",NA,"0.9996","0.4035","1.7946","0.1882","0.0419","0.0428",NA,"0.0735","0.075","0.0577","0.0589","0.3721","0.3581","0.1295","0.1322","0.3327","0.3396","0.0654","0.0667","0.4902175",NA,"0.5788","48.4264","0.348","0.385","0.048","0.085","63.4860129356384"
"264","3","50","25","erdos_renyi","negative.binomial","species","species_4","gllvm",NA,"1.4195","0.0894","0.3971","0.042","0.0419","0.0428",NA,"0.0604","0.0616","0.0577","0.0589","0.7519","0.6379","0.1295","0.1322","0.2081","0.2124","0.0654","0.0667","0.4529735",NA,"0.5612085","59.2457","0.111","0.154","0.059","0.085","2.0878050327301"
"265","4","50","25","erdos_renyi","negative.binomial","species","species_4","PLN","StARS_0.8","3.16","0.1248","0.5705","0.0517","0.0505","0.0516","0.1225","0.0727","0.0742","0.0671","0.0685","1.4564","0.3374","0.1773","0.1809","0.0875","0.0893","0.0828","0.0846","0.615862","0.587183","0.5441535","0.395244696018785","0.083","0.091","0.04","0.056","17.5250480175018"
"266","4","50","25","erdos_renyi","negative.binomial","species","species_4","PLN","StARS_0.9","3.1376","0.1249","0.5712","0.0516","0.0505","0.0516","0.1242","0.0685","0.0699","0.0671","0.0685","1.4203","0.2338","0.1773","0.1809","0.0839","0.0856","0.0828","0.0846","0.615862","0.587183","0.5441535","0.398676476934055","0.024","0","0","0","17.5250480175018"
"267","4","50","25","erdos_renyi","negative.binomial","species","species_4","PLN","BIC","3.1213","0.1251","0.572","0.0516","0.0505","0.0516","0.1251","0.0671","0.0685","0.0671","0.0685","1.4228","0.1809","0.1773","0.1809","0.0828","0.0846","0.0828","0.0846","0.615862","0.587183","0.5441535","0.400287339922342","0","0",NA,"0","1.06961107254028"
"268","4","50","25","erdos_renyi","negative.binomial","species","species_4","ZIPLN","StARS_0.8","0.9694","0.9","4.4935","0.0485","0.0505","0.0516","0.902","0.0633","0.0646","0.0671","0.0685","0.1965","0.1499","0.1773","0.1809","0.0764","0.0779","0.0828","0.0846","0.5789045","0.657835","0.7061915","0.589554505028333","0.069","0.364","0.167","0.229","16.6116528511047"
"269","4","50","25","erdos_renyi","negative.binomial","species","species_4","ZIPLN","StARS_0.9","0.9682","0.8656","4.322","0.0469","0.0505","0.0516","0.8668","0.061","0.0623","0.0671","0.0685","0.1919","0.1438","0.1773","0.1809","0.072","0.0735","0.0828","0.0846","0.5789045","0.657835","0.7061915","0.589094757296462","0.055","0.273","0.158","0.2","16.6116528511047"
"270","4","50","25","erdos_renyi","negative.binomial","species","species_4","ZIPLN","BIC","0.9674","0.7242","3.6137","0.0465","0.0505","0.0516","0.726","0.0588","0.06","0.0671","0.0685","0.1962","0.149","0.1773","0.1809","0.0705","0.072","0.0828","0.0846","0.5789045","0.657835","0.7061915","0.596895082097262","0.003","0.182","0.667","0.286","1.1211998462677"
"271","4","50","25","erdos_renyi","negative.binomial","species","species_4","hmsc",NA,"0.6068","0.6164","2.7885","0.268","0.0505","0.0516",NA,"0.0702","0.0716","0.0671","0.0685","0.3583","0.3352","0.1773","0.1809","0.3111","0.3175","0.0828","0.0846","0.6622905",NA,"0.7822","41.1861","0.394","0.727","0.066","0.12","64.7818028926849"
"272","4","50","25","erdos_renyi","negative.binomial","species","species_4","gllvm",NA,"1.4238","0.0999","0.4317","0.0512","0.0505","0.0516",NA,"0.0704","0.0718","0.0671","0.0685","0.6244","0.5245","0.1773","0.1809","0.1694","0.1728","0.0828","0.0846","0.5194015",NA,"0.7136445","61.0482","0.08","0.091","0.042","0.057","2.75866293907166"
"273","5","50","25","erdos_renyi","negative.binomial","species","species_4","PLN","StARS_0.8","4.3781","0.1071","0.4937","0.0424","0.0415","0.0423","0.1064","0.0645","0.0658","0.0634","0.0647","1.4973","0.2128","0.1614","0.1647","0.0722","0.0737","0.0712","0.0727","0.4863515","0.43979","0.5181175","0.354485648533813","0.048","0","0","0","22.0854511260986"
"274","5","50","25","erdos_renyi","negative.binomial","species","species_4","PLN","StARS_0.9","4.3781","0.1072","0.494","0.0424","0.0415","0.0423","0.1069","0.0638","0.0651","0.0634","0.0647","1.4936","0.1835","0.1614","0.1647","0.0716","0.0731","0.0712","0.0727","0.4863515","0.43979","0.5181175","0.354447060147473","0.017","0","0","0","22.0854511260986"
"275","5","50","25","erdos_renyi","negative.binomial","species","species_4","PLN","BIC","4.3781","0.1072","0.4941","0.0423","0.0415","0.0423","0.1072","0.0634","0.0647","0.0634","0.0647","1.4915","0.1647","0.1614","0.1647","0.0712","0.0727","0.0712","0.0727","0.4863515","0.43979","0.5181175","0.354332636608546","0","0",NA,"0","1.93122911453247"
"276","5","50","25","erdos_renyi","negative.binomial","species","species_4","ZIPLN","StARS_0.8","2.391","0.3425","1.6956","0.049","0.0415","0.0423","0.3461","0.0694","0.0708","0.0634","0.0647","0.2513","0.1687","0.1614","0.1647","0.0776","0.0792","0.0712","0.0727","0.49926","0.5921485","0.649334","0.531710962323139","0.11","0.222","0.059","0.093","17.9569180011749"
"277","5","50","25","erdos_renyi","negative.binomial","species","species_4","ZIPLN","StARS_0.9","2.3892","0.3354","1.6638","0.0431","0.0415","0.0423","0.3364","0.0643","0.0656","0.0634","0.0647","0.2474","0.1626","0.1614","0.1647","0.0714","0.0729","0.0712","0.0727","0.49926","0.5921485","0.649334","0.542990244913818","0.045","0.111","0.071","0.087","17.9569180011749"
"278","5","50","25","erdos_renyi","negative.binomial","species","species_4","ZIPLN","BIC","2.4133","0.3273","1.6233","0.0423","0.0415","0.0423","0.3273","0.0634","0.0647","0.0634","0.0647","0.2486","0.1647","0.1614","0.1647","0.0712","0.0727","0.0712","0.0727","0.49926","0.5921485","0.649334","0.548709241749142","0","0",NA,"0","1.20160293579102"
"279","5","50","25","erdos_renyi","negative.binomial","species","species_4","hmsc",NA,"0.8564","0.1116","0.4436","0.0691","0.0415","0.0423",NA,"0.074","0.0755","0.0634","0.0647","0.3345","0.2947","0.1614","0.1647","0.2536","0.2588","0.0712","0.0727","0.384403",NA,"0.3895","46.6005","0.247","0.222","0.027","0.048","64.1856739521027"
"280","5","50","25","erdos_renyi","negative.binomial","species","species_4","gllvm",NA,"3.0146","0.0884","0.3895","0.0426","0.0415","0.0423",NA,"0.073","0.0745","0.0634","0.0647","1.0801","0.9812","0.1614","0.1647","0.2489","0.2541","0.0712","0.0727","0.4156335",NA,"0.386973","62.2349","0.213","0.111","0.016","0.028","2.07686305046082"
"281","6","50","25","erdos_renyi","negative.binomial","species","species_4","PLN","StARS_0.8","2.7124","0.116","0.5168","0.0539","0.0526","0.0537","0.1131","0.0764","0.078","0.069","0.0704","1.2813","0.4232","0.1803","0.184","0.0951","0.0971","0.0876","0.0894","0.4322705","0.4457845","0.3707755","0.478340544287086","0.07","0.071","0.048","0.057","23.4870839118958"
"282","6","50","25","erdos_renyi","negative.binomial","species","species_4","PLN","StARS_0.9","2.7003","0.1163","0.5185","0.0538","0.0526","0.0537","0.1152","0.0707","0.0722","0.069","0.0704","1.1708","0.2387","0.1803","0.184","0.0891","0.0909","0.0876","0.0894","0.4322705","0.4457845","0.3707755","0.481650284676346","0.045","0","0","0","23.4870839118958"
"283","6","50","25","erdos_renyi","negative.binomial","species","species_4","PLN","BIC","2.6992","0.1165","0.5194","0.0537","0.0526","0.0537","0.1165","0.069","0.0704","0.069","0.0704","1.1572","0.184","0.1803","0.184","0.0876","0.0894","0.0876","0.0894","0.4322705","0.4457845","0.3707755","0.482000793515327","0","0",NA,"0","1.5035879611969"
"284","6","50","25","erdos_renyi","negative.binomial","species","species_4","ZIPLN","StARS_0.8","1.4773","0.4163","2.0661","0.0517","0.0526","0.0537","0.4188","0.0649","0.0663","0.069","0.0704","0.2385","0.1737","0.1803","0.184","0.0826","0.0843","0.0876","0.0894","0.6185475","0.606166","0.5765895","0.674660075818954","0.052","0.357","0.25","0.294","20.1652960777283"
"285","6","50","25","erdos_renyi","negative.binomial","species","species_4","ZIPLN","StARS_0.9","1.477","0.4001","1.9854","0.0505","0.0526","0.0537","0.4015","0.0643","0.0656","0.069","0.0704","0.2395","0.175","0.1803","0.184","0.0823","0.084","0.0876","0.0894","0.6185475","0.606166","0.5765895","0.678684983273215","0.021","0.214","0.333","0.261","20.1652960777283"
"286","6","50","25","erdos_renyi","negative.binomial","species","species_4","ZIPLN","BIC","1.4801","0.3636","1.7991","0.0537","0.0526","0.0537","0.3638","0.069","0.0704","0.069","0.0704","0.2461","0.184","0.1803","0.184","0.0876","0.0894","0.0876","0.0894","0.6185475","0.606166","0.5765895","0.693067270622328","0","0",NA,"0","1.29377293586731"
"287","6","50","25","erdos_renyi","negative.binomial","species","species_4","hmsc",NA,"0.7726","0.0543","0.0176","0.0553","0.0526","0.0537",NA,"0.071","0.0725","0.069","0.0704","0.2714","0.2385","0.1803","0.184","0.1813","0.1851","0.0876","0.0894","0.5689275",NA,"0.4762","29.7411","0.045","0","0","0","66.124428987503"
"288","6","50","25","erdos_renyi","negative.binomial","species","species_4","gllvm",NA,"1.6807","0.0944","0.3954","0.0526","0.0526","0.0537",NA,"0.0697","0.0711","0.069","0.0704","0.5063","0.4309","0.1803","0.184","0.159","0.1623","0.0876","0.0894","0.498409",NA,"0.438145","34.8362","0.112","0.143","0.059","0.083","1.22273707389832"
"289","7","50","25","erdos_renyi","negative.binomial","species","species_4","PLN","StARS_0.8","2.8944","0.0893","0.3981","0.0412","0.0413","0.0421","0.0878","0.0571","0.0583","0.0631","0.0644","1.0542","0.1737","0.1332","0.1359","0.0575","0.0587","0.0635","0.0648","0.6076935","0.5703335","0.497228","0.46680248689563","0.058","0.286","0.105","0.154","9.34537577629089"
"290","7","50","25","erdos_renyi","negative.binomial","species","species_4","PLN","StARS_0.9","2.8944","0.0895","0.3988","0.0414","0.0413","0.0421","0.0881","0.0571","0.0582","0.0631","0.0644","1.0491","0.1384","0.1332","0.1359","0.0574","0.0586","0.0635","0.0648","0.6076935","0.5703335","0.497228","0.467204501719493","0.038","0.286","0.154","0.2","9.34537577629089"
"291","7","50","25","erdos_renyi","negative.binomial","species","species_4","PLN","BIC","2.8943","0.0899","0.3995","0.0421","0.0413","0.0421","0.0899","0.0631","0.0644","0.0631","0.0644","1.0487","0.1359","0.1332","0.1359","0.0635","0.0648","0.0635","0.0648","0.6076935","0.5703335","0.497228","0.466931778254649","0","0",NA,"0","0.779151916503906"
"292","7","50","25","erdos_renyi","negative.binomial","species","species_4","ZIPLN","StARS_0.8","1.3298","1.3651","6.8225","0.0423","0.0413","0.0421","1.3657","0.0644","0.0658","0.0631","0.0644","0.2367","0.1402","0.1332","0.1359","0.0659","0.0673","0.0635","0.0648","0.469804","0.527097","0.395806","0.617048734344952","0.082","0.143","0.04","0.062","13.4990880489349"
"293","7","50","25","erdos_renyi","negative.binomial","species","species_4","ZIPLN","StARS_0.9","1.3254","1.2333","6.1635","0.0411","0.0413","0.0421","1.2334","0.0609","0.0622","0.0631","0.0644","0.2306","0.1292","0.1332","0.1359","0.0613","0.0626","0.0635","0.0648","0.469804","0.527097","0.395806","0.629571384053551","0.024","0.143","0.125","0.133","13.4990880489349"
"294","7","50","25","erdos_renyi","negative.binomial","species","species_4","ZIPLN","BIC","1.3271","1.0654","5.3229","0.0421","0.0413","0.0421","1.0657","0.0631","0.0644","0.0631","0.0644","0.2343","0.1359","0.1332","0.1359","0.0635","0.0648","0.0635","0.0648","0.469804","0.527097","0.395806","0.62999429085083","0","0",NA,"0","1.35870409011841"
"295","7","50","25","erdos_renyi","negative.binomial","species","species_4","hmsc",NA,"0.6529","0.0553","0.1522","0.0471","0.0413","0.0421",NA,"0.0662","0.0675","0.0631","0.0644","0.2869","0.2447","0.1332","0.1359","0.2162","0.2207","0.0635","0.0648","0.55417",NA,"0.4878","64.9857","0.109","0.429","0.086","0.143","47.9456160068512"
"296","7","50","25","erdos_renyi","negative.binomial","species","species_4","gllvm",NA,"1.9259","0.078","0.3295","0.0426","0.0413","0.0421",NA,"0.0696","0.071","0.0631","0.0644","0.6688","0.5816","0.1332","0.1359","0.2031","0.2073","0.0635","0.0648","0.4011825",NA,"0.33534","91.2729","0.065","0","0","0","1.43976092338562"
"297","8","50","25","erdos_renyi","negative.binomial","species","species_4","PLN","StARS_0.8","2.267","0.1445","0.6209","0.0754","0.0738","0.0753","0.1421","0.0915","0.0934","0.0847","0.0864","1.3236","0.6344","0.2324","0.2372","0.1262","0.1288","0.1144","0.1168","0.5672435","0.608907","0.563061","0.47489812522667","0.088","0.188","0.107","0.136","14.532133102417"
"298","8","50","25","erdos_renyi","negative.binomial","species","species_4","PLN","StARS_0.9","2.1903","0.1449","0.6235","0.0754","0.0738","0.0753","0.1438","0.0862","0.088","0.0847","0.0864","1.134","0.2952","0.2324","0.2372","0.1158","0.1182","0.1144","0.1168","0.5672435","0.608907","0.563061","0.482238044368063","0.053","0.062","0.062","0.062","14.532133102417"
"299","8","50","25","erdos_renyi","negative.binomial","species","species_4","PLN","BIC","2.1897","0.1451","0.6244","0.0753","0.0738","0.0753","0.1451","0.0847","0.0864","0.0847","0.0864","1.1209","0.2372","0.2324","0.2372","0.1144","0.1168","0.1144","0.1168","0.5672435","0.608907","0.563061","0.482695543334077","0","0",NA,"0","0.904470920562744"
"300","8","50","25","erdos_renyi","negative.binomial","species","species_4","ZIPLN","StARS_0.8","1.6851","0.2258","1.0579","0.0805","0.0738","0.0753","0.237","0.0909","0.0928","0.0847","0.0864","0.2773","0.242","0.2324","0.2372","0.1192","0.1216","0.1144","0.1168","0.5179745","0.552107","0.5214035","0.67486743718129","0.113","0.062","0.03","0.041","9.81490087509155"
"301","8","50","25","erdos_renyi","negative.binomial","species","species_4","ZIPLN","StARS_0.9","1.6936","0.2201","1.0357","0.0759","0.0738","0.0753","0.2247","0.0857","0.0875","0.0847","0.0864","0.2728","0.2381","0.2324","0.2372","0.1152","0.1175","0.1144","0.1168","0.5179745","0.552107","0.5214035","0.693957568344553","0.035","0","0","0","9.81490087509155"
"302","8","50","25","erdos_renyi","negative.binomial","species","species_4","ZIPLN","BIC","1.7092","0.2148","1.0088","0.0753","0.0738","0.0753","0.2149","0.0847","0.0864","0.0847","0.0864","0.2711","0.2372","0.2324","0.2372","0.1144","0.1168","0.1144","0.1168","0.5179745","0.552107","0.5214035","0.70144776485762","0","0",NA,"0","0.921999931335449"
"303","8","50","25","erdos_renyi","negative.binomial","species","species_4","hmsc",NA,"0.724","0.0944","0.1929","0.088","0.0738","0.0753",NA,"0.0921","0.094","0.0847","0.0864","0.3624","0.3379","0.2324","0.2372","0.2689","0.2744","0.1144","0.1168","0.3789875",NA,"0.3176","42.9789","0.232","0.062","0.015","0.024","47.992908000946"
"304","8","50","25","erdos_renyi","negative.binomial","species","species_4","gllvm",NA,"1.4607","0.1264","0.5113","0.0759","0.0738","0.0753",NA,"0.0921","0.094","0.0847","0.0864","0.7305","0.666","0.2324","0.2372","0.2119","0.2163","0.1144","0.1168","0.617365",NA,"0.459584","62","0.092","0.25","0.133","0.174","1.13677501678467"
"305","9","50","25","erdos_renyi","negative.binomial","species","species_4","PLN","StARS_0.8","2.6474","0.1496","0.648","0.0762","0.0748","0.0763","0.1476","0.0817","0.0833","0.0813","0.0829","1.1371","0.2577","0.2109","0.2153","0.1178","0.1203","0.1171","0.1195","0.497825","0.556375","0.551388","0.486023193380203","0.057","0.05","0.059","0.054","15.2082600593567"
"306","9","50","25","erdos_renyi","negative.binomial","species","species_4","PLN","StARS_0.9","2.648","0.1498","0.649","0.0763","0.0748","0.0763","0.1495","0.0814","0.0831","0.0813","0.0829","1.1333","0.2222","0.2109","0.2153","0.1174","0.1198","0.1171","0.1195","0.497825","0.556375","0.551388","0.486701103040866","0.021","0","0","0","15.2082600593567"
"307","9","50","25","erdos_renyi","negative.binomial","species","species_4","PLN","BIC","2.6478","0.1498","0.6491","0.0763","0.0748","0.0763","0.1498","0.0813","0.0829","0.0813","0.0829","1.1321","0.2153","0.2109","0.2153","0.1171","0.1195","0.1171","0.1195","0.497825","0.556375","0.551388","0.486946029692822","0","0",NA,"0","0.909232139587402"
"308","9","50","25","erdos_renyi","negative.binomial","species","species_4","ZIPLN","StARS_0.8","1.0708","0.1725","0.7563","0.0847","0.0748","0.0763","0.1801","0.0923","0.0942","0.0813","0.0829","0.2519","0.2169","0.2109","0.2153","0.1201","0.1226","0.1171","0.1195","0.521675","0.467125","0.605351","0.639330958485985","0.118","0.2","0.108","0.14","12.0113098621368"
"309","9","50","25","erdos_renyi","negative.binomial","species","species_4","ZIPLN","StARS_0.9","1.0737","0.1702","0.7558","0.0798","0.0748","0.0763","0.1731","0.0876","0.0894","0.0813","0.0829","0.2482","0.2125","0.2109","0.2153","0.1162","0.1186","0.1171","0.1195","0.521675","0.467125","0.605351","0.652784136810848","0.032","0.05","0.1","0.067","12.0113098621368"
"310","9","50","25","erdos_renyi","negative.binomial","species","species_4","ZIPLN","BIC","1.0764","0.1686","0.7547","0.0768","0.0748","0.0763","0.169","0.0827","0.0844","0.0813","0.0829","0.2471","0.2115","0.2109","0.2153","0.1154","0.1178","0.1171","0.1195","0.521675","0.467125","0.605351","0.661057776501975","0.007","0","0","0","0.953042984008789"
"311","9","50","25","erdos_renyi","negative.binomial","species","species_4","hmsc",NA,"0.5114","0.0866","0.1958","0.0788","0.0748","0.0763",NA,"0.0848","0.0865","0.0813","0.0829","0.3279","0.3135","0.2109","0.2153","0.2624","0.2679","0.1171","0.1195","0.5421",NA,"0.429","32.4368","0.075","0.1","0.087","0.093","51.958151102066"
"312","9","50","25","erdos_renyi","negative.binomial","species","species_4","gllvm",NA,"1.3851","0.1322","0.5381","0.0783","0.0748","0.0763",NA,"0.0918","0.0937","0.0813","0.0829","0.5928","0.5123","0.2109","0.2153","0.2114","0.2158","0.1171","0.1195","0.430925",NA,"0.4231985","38.8554","0.168","0.2","0.078","0.113","1.03234195709229"
"313","10","50","25","erdos_renyi","negative.binomial","species","species_4","PLN","StARS_0.8","2.7832","0.1059","0.466","0.0513","0.0503","0.0514","0.1032","0.0731","0.0746","0.0719","0.0734","1.1782","0.2131","0.1559","0.1591","0.0788","0.0804","0.0778","0.0794","0.4464145","0.4015865","0.4769755","0.443308495406948","0.059","0.154","0.105","0.125","12.9963829517365"
"314","10","50","25","erdos_renyi","negative.binomial","species","species_4","PLN","StARS_0.9","2.7859","0.1061","0.4669","0.0514","0.0503","0.0514","0.1054","0.0722","0.0737","0.0719","0.0734","1.1725","0.1699","0.1559","0.1591","0.078","0.0796","0.0778","0.0794","0.4464145","0.4015865","0.4769755","0.445822074885327","0.024","0","0","0","12.9963829517365"
"315","10","50","25","erdos_renyi","negative.binomial","species","species_4","PLN","BIC","2.7864","0.1063","0.4679","0.0514","0.0503","0.0514","0.1063","0.0719","0.0734","0.0719","0.0734","1.1832","0.1591","0.1559","0.1591","0.0778","0.0794","0.0778","0.0794","0.4464145","0.4015865","0.4769755","0.445398739335411","0","0",NA,"0","0.869379997253418"
"316","10","50","25","erdos_renyi","negative.binomial","species","species_4","ZIPLN","StARS_0.8","1.1737","6.8905","34.4517","0.0494","0.0503","0.0514","6.9236","0.0682","0.0696","0.0719","0.0734","0.2311","0.1676","0.1559","0.1591","0.0817","0.0834","0.0778","0.0794","0.600522","0.5964165","0.54842","0.594911396880118","0.115","0.385","0.132","0.196","13.8084959983826"
"317","10","50","25","erdos_renyi","negative.binomial","species","species_4","ZIPLN","StARS_0.9","1.1692","5.9842","29.9202","0.0475","0.0503","0.0514","6.0158","0.0668","0.0682","0.0719","0.0734","0.222","0.1548","0.1559","0.1591","0.073","0.0746","0.0778","0.0794","0.600522","0.5964165","0.54842","0.609285241545173","0.056","0.308","0.2","0.242","13.8084959983826"
"318","10","50","25","erdos_renyi","negative.binomial","species","species_4","ZIPLN","BIC","1.1629","3.1873","15.9346","0.0514","0.0503","0.0514","3.2154","0.0719","0.0734","0.0719","0.0734","0.2224","0.1591","0.1559","0.1591","0.0778","0.0794","0.0778","0.0794","0.600522","0.5964165","0.54842","0.627896193261212","0","0",NA,"0","1.29743981361389"
"319","10","50","25","erdos_renyi","negative.binomial","species","species_4","hmsc",NA,"0.7454","0.1473","0.5989","0.0874","0.0503","0.0514",NA,"0.0795","0.0811","0.0719","0.0734","0.3125","0.2782","0.1559","0.1591","0.2446","0.2496","0.0778","0.0794","0.438771",NA,"0.5387","25.0974","0.265","0.231","0.038","0.065","50.5509788990021"
"320","10","50","25","erdos_renyi","negative.binomial","species","species_4","gllvm",NA,"1.7254","0.0908","0.3784","0.0512","0.0503","0.0514",NA,"0.0754","0.077","0.0719","0.0734","0.6792","0.5949","0.1559","0.1591","0.2027","0.2069","0.0778","0.0794","0.496885",NA,"0.519527","56.6405","0.08","0.077","0.042","0.054","1.01025390625"
